,날짜,기사제목,기사내용
0,2018.11.26. 오후 2:02,연말 앞두고 치킨값 인상 본격화되나…육계가격 고공행진,"지난달 중순 이후 내림세였던 닭고기 시세 이달 중순부터 급등세육계협회 ""수능 이후 치킨 수요 급증한 탓"" 점주들 ""닭값에 배달대행비·인건비까지 상승""…치킨값 인상 예고생닭[아시아경제 최신혜 기자] ""연말 앞두고 최근 염지닭(소금 간 등으로 맛을 낸 닭) 공급가가 복날 수준으로 올라 당황스럽습니다. 안그래도 대행 배달비 등이 오르는 시점이라 마진을 남기는 것이 더욱 어려워졌어요."" (서울 구로구 A치킨 프랜차이즈 대표 장모씨)최근 줄곧 하향세이던 닭고기 시세가 연이어 오르며 자영업자들이 부담을 호소하고 있다. 지난 19일 BBQ의 치킨 3종 기습 가격인상에 이어 다른 프랜차이즈와 개인 운영 매장들마저 가격 인상에 동참할 수 있다는 가능성도 제기된다.26일 한국육계협회에 따르면 지난달 중순 이후로 내림세를 유지했던 닭고기 시세가 이달 중순부터 급등세로 전환했다. 국내 제조 치킨에 주로 쓰이는 7~8호, 9~10호 닭고기 시세 모두 16일부터 22일까지 계속 올랐다.7~8호 시세는 지난 12일부터 15일까지 1㎏당 2815원에 그쳤지만 16일 2974원, 19일 3133원, 22일 3609원까지 상승했다. 일주일 만에 28.2%나 가격이 치솟은 것이다. 9~10호 닭고기 시세 역시 지난 12일부터 15일까지 2538원에 불과했지만 16일 2692원, 20일 3000원으로 오른 후 22일 3308원까지 30.3% 올랐다.부분육 시세 역시 꾸준히 증가추세다. 지난 10일 기준 4731원에 거래되던 넓적다리 시세는 지난 21일부터 5478원으로 700원 정도 올랐다. 북채(닭다리) 시세도 5196원에서 6025원으로 약 800원 올랐다. 날개(5548원), 가슴ㆍ안심(5340원) 시세 또한 21일  6438원, 6194원으로 800~900원 올랐다.한국육계협회 관계자는 ""수능 이후 치킨 업계에서 각종 할인 마케팅을 펼치며 치킨 수요가 급증, 닭고기 가격이 상승한 것으로 보인다""고 설명했다.육계시세 상승은 도계업체들의 공급가 인상으로 이어졌다. 서울 중구에서 C 프랜차이즈 치킨집을 운영하는 김모(44)씨는 ""10호 공급가가 평균 4800원선이었지만 최근 5100원까지 올랐다""고 하소연했다. 서울 종로구에서 M 프랜차이즈 치킨집을 운영하는 박모(50)씨 역시 ""닭고기 공급가가 최근 300원 올랐다""고 밝혔다.경기도 부천에서 개인 치킨집을 운영하는 정부형(가명)씨는 ""조만간 치킨 가격을 올릴 계획""이라며 ""단골손님을 생각해 가격을 올리지 않고 버티려고 했지만 식자재에서 가격이 오르지 않는 품목이 없고 열이면 열, 하나같이 다 올린다""고 한숨 쉬었다. 이어 ""(납품받는 업체에) 따지고 싶어도, 목구멍에서 차올라도 소리가 나오지 않는다""고 울분을 토했다.지방에서 한 프랜차이즈 치킨집을 운영하는 전옥순(가명)씨는 ""지난 1일, 내년 초에 잇달아 배달 대행비까지 줄줄이 인상을 예고했다""며 ""내년에 인건비도 오르고 대행비도 오르는데 치킨 가격이라고 어떻게 잠잠할 수 있겠는가""라고 토로했다.최신혜 기자 ssin@asiae.co.kr▶ 아시아경제 친구 맺고 '휴대폰, LED마스크' 받자▶ 재미와 신기 '과학을읽다' ▶ 놀라운 '군사이야기'<ⓒ경제를 보는 눈, 세계를 보는 창 아시아경제 무단전재 배포금지>		"
1,2018.11.13. 오후 12:53,"축산물품질평가원, 닭값 4천900원 중 유통비 2,900원…5년 만에 최고"," Loading... player_likesound_mutesound_mutesound_volume2sound_volume3 [x]Player Size:Current Resolution:Max Abr Resolution:Protocol:Current Bandwidth:Average Bandwidth:Buffer Health:Frame Drop Rate: 도움말라이센스Video Statistic Version 4.26.10 ()Build Date (2021/10/1)NAVER Corp.     동영상 인코딩 중입니다.5분 이상 소요될 수 있으며, 영상의 길이에 따라 소요 시간은 달라집니다. topleft rightbottom마우스를 드래그 하세요360° Video도움말 MULTI TRACK멀티트랙의 트랙별 영상은 우측 관련영상에서 볼 수 있습니다.선거광고 안내       음소거00:00 | 00:00 화질 선택 옵션 화질  전체화면   광고정보 더보기초 후 SKIP초 후 재생SKIP광고 후 계속됩니다.SNS 공유소스 코드Band Twitter Facebook Blog CafeURL 주소복사HTML 소스544 x 306740 x 416936 x 5261280 x 720복사Flash 미지원으로 Object 코드 퍼가기 기능은 더 이상 지원되지않습니다.도움말 플레이어 URL 복사 레이어 닫기닭고기 값에서 유통비용이 차지하는 비중이 60%에 육박했습니다.  축산물품질평가원 분석 결과 3분기 닭고기의 소비자가격은 4천8백여 원, 유통비용은 2천8백여 원으로, 유통비용률은 58.6%였습니다.  이는 지난해 같은 기간보다 4.5%포인트 높아진 것으로  5년 만에 가장 높은 수치입니다.  이같은 닭고기 유통비용 비중은  주요 축산물 유통비용률 45.3%과 비교해도 13%포인트 이상 높은 것입니다.KBS[저작권자ⓒ KBS 무단복제-재배포 금지]▶ 네이버 채널 KBS뉴스 구독! 시원하게 털어드립니다▶ ‘TV보다 ㄹㅇ’ 당신의 진짜 뉴스 ‘케이야’"
2,2018.11.20. 오전 3:38,치킨 2만원 시대…생닭 원가는 1374원,"BBQ “가격 인상은 가맹점주 요청”[서울신문]닭 자료사진.출처:123rf대형 치킨 프랜차이즈 BBQ가 주요 치킨 가격을 인상하면서 치킨 한 마리 값이 2만원에 달하지만 정작 닭고기 원가는 1300원대에 불과한 것으로 나타났다. 생닭이 치킨으로 식탁에 오르기까지 가격이 15배 가까이 ‘뻥튀기’되는 셈이다.20일 축산물품질평가원에 따르면 지난 15일 기준 계열업체에 소속된 농가가 생닭을 납품하는 가격인 위탁생계 가격은 ㎏당 1374원이다. 지난해 11월 15일(1356원)보다는 소폭 올랐지만 지난달 15일(1381원)에 비해서는 오히려 떨어졌다.또 도계장에서 도살·처리된 닭고기를 프랜차이즈 본사로 넘기는 일반 닭고기 가격은 지난달 ㎏당 2707원에서 2623원으로 하락했다. 프랜차이즈 본사는 이 닭을 갖고 염지, 숙성 등의 과정을 거쳐 가맹점에 납품한다. 여기에 튀김가루, 기름과 같은 부재료 가격 등이 붙어 치킨 가격이 결정된다.BBQ는 ‘황금올리브’ 가격을 1만 6000원에서 1만 8000원으로 2000원 올렸다. 일부 가맹점에서 자율적으로 받는 배달비를 더하면 소비자는 2만원을 내야 한다. BBQ 관계자는 “가격 인상은 2009년 이후 처음”이라며 “임대료, 인건비 인상, 각종 원부자재 상승 등으로 가맹점주의 가격 인상 요청이 있어 3개 품목만 인상하는 것”이라고 설명했다.한편 지난해 BBQ의 치킨 값 인상 방침에 강경 대응했던 농림축산식품부는 이번에는 공식 입장을 내지 않았다. 농식품부 관계자는 “당시 조류 인플루엔자(AI)를 핑계로 가격 인상을 시도해 마찰이 있었다”며 “외식업계 간담회 등을 통해 가급적 인상 자제를 당부하고 있다”고 말했다.장진복 기자 viviana49@seoul.co.kr김희리 기자 hitit@seoul.co.kr▶  재미있는 세상[나우뉴스] ▶ [인기 무료만화] [페이스북]ⓒ 서울신문(www.seoul.co.kr), 무단전재 및 재배포금지		"
3,2018.11.13. 오후 12:16,"[333 뉴스]금융위원장 손목시계, 알고보니? "," 오늘의 333 뉴스입니다.   장애인 주차구역에 차를 세운 일반 차량, 어제부터 장애인 주차구역 위반에 대한 단속이 시작됐습니다.   ""1분도 안 됐는데 어떻게 위반이냐고 이게""   특히, 장애인 차량의 주차를 방해하면 2번째 적발 땐 50만 원을 내야 합니다.   ""몇 분 된다고 50만원을 내라는 게 말이 돼요 지금.""   지난해 장애인 구역 주정차 위반 행위 적발 건수는 33만 건. 4년 새 6배 넘게 늘었습니다.    국회 예산안 심사 중, 최종구 금융위원장의 손목시계가 논란이 됐습니다. 스위스의 최고급 시계로 가격이 수천만 원에서 1억 원이 넘기 때문입니다. 최 위원장은 시계에 대해 묻는 기자에게 ""2007년쯤 캄보디아 출장 중 길거리에서 30달러를 주고 산 '가짜'""라고 답했습니다. 글쎄요, '뇌물인지 조사하라' '명품인지 모르고 샀을 수 있다' 의견이 분분합니다. 진짜여도, 가짜여도, 논란이 될 것 같습니다.   호주 멜버른 도심. 흉기 난동범이 경찰에게 달려들자 40대 노숙인이 카트를 밀고 돌진합니다. 이미 트럭에 불을 붙이고 행인에게 흉기를 휘둘러 1명이 숨지고 2명이 다친 상황. 겁이 날 법한데도 굴하지 않고 범인에 맞선 겁니다.   [마이클 로저스 / '카트' 노숙인]  ""옆에 카트가 있길래 바로 흉기난동범에게 돌진했습니다""   노숙인의 용감한 행동에, 시민들은 성원을 보냈고 하루 만에 우리 돈 8천만 원이 넘는 성금이 모였습니다.   인천에서 수액을 맞던 환자가 또 숨졌습니다. 이번엔 장염 증상으로 응급실을 찾은 어린이였는데, 두 달새 벌써 네 번째 사망자입니다. 관련 병원이 서로 인접한 점 등을 토대로 인천시와 보건당국이 긴급 점검하고 있습니다.   '갑질 폭행' 혐의로 구속된 양진호 한국미래기술 회장이 임직원들에게 대마초를 피우라고 강요한 것으로 드러났습니다. 경찰은 양 회장과 함께 대마초를 피운 임직원 7명도 입건했습니다   김정은 위원장이 보낸 풍산개 '곰이'가 지난 금요일 새벽 새끼 6마리를 낳았습니다. 새끼는 암수 각각 3마리. 문재인 대통령은 초산인 곰이가 스트레스를 받을까, 사진도 못 찍게 했다는 후문입니다.   내일 오후부터 미세먼지 조심하셔야 겠습니다.   중국이 본격적으로 '국가 난방'을 가동하기 때문입니다. 중국의 15개성이 넉달간 열병합발전소를 통해 일률적으로 난방을 공급하는 겁니다. 석탄 비중이 높아 그 연기가 하늘을 덮습니다.   닭고기 1마리 가격 4천 900원 중 2천 900원이 유통비였습니다. 생산가 대비 유통 비율이 58.6%, 5년 만에 가장 높은 수치로 유통비만 오른 겁니다.   내년 1월부터 치료 목적의 고도비만수술에 건강보험이 적용됩니다. 현재 전액 부담해야 하는 수술비 1000만 원을 이제 200만 원 정도만 내면 되는 겁니다.   지금까지 333 뉴스였습니다. 다음은 화제의 인물을 살펴보는 핫피플 시간입니다.▶'채널A'를 구독하고 이벤트에 참여하시면 푸짐한 선물을 드립니다!꿈을 담는 캔버스 채널A  ⓒCHANNEL A(www.ichannela.com), 무단 전재 및 재배포 금지		"
4,2018.11.13. 오후 3:14,"""닭고기값 4,900원 중 유통비 58%""","			""닭고기값 4,900원 중 유통비 58%""닭고기 값에서 유통비용이 차지하는 비중이 60%에 육박한 것으로 나타났습니다. 축산물품질평가원에 따르면 3분기 닭고기 소비자가격은 4,884원, 유통비용은 2,864원으로 유통비용의 비중이 58.6%로 파악됐습니다.이는 지난해 같은 기간보다 4.5%포인트 높아진 수치로 관련 조사가 시작된 2012년 59%, 2013년 60% 이후 5년 만에 가장 높은 것입니다.축산물품질평가원은 닭 농가가 계열농가화하면서 생산성은 안정됐지만 유통비는 물가의 영향이 반영돼 등락이 심해진 것으로 분석했습니다.연합뉴스TV 기사문의 및 제보 : 카톡/라인 jebo23 ▶ 연합뉴스TV 네이버 채널 구독   ▶ 생방송 시청 ▶ 대한민국 뉴스의 시작, 연합뉴스TV 앱 다운받기"
5,2018.11.12. 오후 3:27,"오너체제된 bhc, 닭고기 공급가 100원 인하","가맹계약 갱신요구권 10년 보장 삭제는 되돌이표박현종 bhc 회장. [사진 제공 = bhc] bhc가 '뻥튀기 논란'이 일었던 닭고기 공급가를 기존보다 100원 내린다.bhc 본사와 전국가맹점주협의회는 12일 서울 잠실에 위치한 사옥에서 오전 10시30분부터 약 4시간 동안 '제3차 상생협약 회의'를 진행한 결과 이 같이 합의했다.이에 따라 본사는 가맹점에 공급하는 신선육 가격을 마리당 100원 인하하기로 결정했다. 이는 닭고기 공급으로 본사가 얻는 이익의 5% 가량 규모로 알려졌다.닭고기 값 인하는 가맹점주 측이 요구한 10가지 사항 중 하나다. 현재 bhc의 신선육 공급가는 변동시세를 적용해 5000~5850원에 책정돼있다. 이는 지난해 7월 기준 경쟁사인 BBQ보다 약 350원 가량 높은 가격이다.이밖에 가맹점주 측은 고올레산 해바라기오일과 필수구입 품목에 한해 각각 2만2000원, 10% 이상 인하 등을 요청했으나 본사 측이 이를 거절했다. 진정호 bhc 전국가맹점주협의회 회장은 “광고비 명목의 불투명한 거래비용 제거와 자가물류시스템을 통해 절감되는 물류관리비를 반영해 신선육 마리당 총 800원의 공급가 인하를 요청했으나 이번 회의에선 불발됐다""며 ""향후 소송 진행 사항을 본 뒤 추가 인하 협상을 이어가기로 했다""고 말했다.  앞서 bhc 가맹점주협의회는 광고비를 횡령하고 해바라기 오일 납품가 일부를 편취한 혐의로 본사를 검찰에 고발한 바 있다. 2015년 10월~2016년 12월까지 본사가 가맹점에 제공되는 신선육 공급가에 광고비 명목으로 400원을 추가해 손해를 입혔다는 게 가맹점주 측의 주장이다.이번 닭고기 공급가 인하는 이달 2일 경영자매수방식(MBO)으로 bhc그룹을 인수한 박현종 bhc 회장의 첫 상생 행보다. bhc를 인수함에 따라 박 회장은 전문 경영인에서 오너로 등극했다. 박 회장은 삼성전자 출신으로 2012년부터 bhc 경영을 맡아오고 있다.앞서 지난 달 진행됐던 '제2차 상생협약 회의'에서 본사와 가맹점주는 별다른 합의를 이루지 못했다. 그동안 지지부진 했던 상생 합의가 속도를 낼 수 있었던 것도 박 회장의 책임 경영 의중이 반영됐기 때문으로 풀이된다.다만 가맹점주들은 bhc 본사가 지난 회의에서 합의를 이뤘던 '가맹계약 갱신요구권 10년 보장 삭제'에 대해서는 없던 일로 되돌렸다고 주장했다. 10년 이상 bhc 매장을 운영한 가맹점주는 본사가 요청하면 가맹 계약을 해지당할 수 있다.bhc가맹점주협의회 관계자는 ""닭고기 공급가 100원 인하에 대해선 우선적으로 합의를 이뤘으나 다음번 회의때는 진정한 의미의 상생 행보를 요청할 예정""이라고 말했다. 본사와 가맹점주협의회는 이르면 이달 말경 제4차 상생협약 회의를 진행할 계획이다.bhc 관계자는 ""상생 차원에서 가격 인하에 대해 합의를 진행했다""며 ""향후 회의에서 논의를 이어갈 예정""이라고 말했다.[디지털뉴스국 신미진 기자]▶뉴스 이상의 무궁무진한 프리미엄 읽을거리 ▶아나운서가 직접 읽어주는 오늘의 주요 뉴스[ⓒ 매일경제 & mk.co.kr, 무단전재 및 재배포 금지]		"
6,2018.11.13. 오전 9:54,닭고기값 중 유통비 58.6% …5년 만에 최고,"닭고깃값에서 유통비용이 차지하는 비중이 급증해 5년 만에 가장 높은 수치를 나타냈습니다.축산물품질평가원에 따르면, 올 3분기 닭고기의 소비자 가격은 4천884원이고 이 중 유통비용은 2천864원으로 유통비용률이 58.6%에 달해, 지난해 같은 기간보다 4.5%포인트 높아졌습니다.이에 따라 닭고기의 생산자가격과 도매·소비자가격 간 격차도 더욱 벌어져, 생산자가격은 지난해보다 0.1% 올랐지만 도매가격과 소비자가격은 각각 8.6%와 11.1%가 뛰었습니다.신정연 기자 (hotpen@mbc.co.kr)[저작권자(c) MBC (www.imnews.com) 무단복제-재배포 금지]▶ [엠빅비디오] 멘탈을 비집고 들어온 음악을 다시 내쫓는법▶ [바로간다] 나라 땅 빌려 '주말농장에 소작까지'…처벌은?▶ [14F] 가정폭력이 왜 '사생활'인가요?Copyright(c) Since 1996, MBC&iMBC All rights reserved.		"
7,2018.11.11. 오후 12:57, 평양냉면 가격에 맞는 품격은? ,"			 [한겨레21] [박미향의 식탁의 배신]일반 외식업체 수익률 뛰어넘는 평양냉면, 비싼 가격에 빠진 그것은… 한 평양냉면 집의 제면기에서 면이 나오고 있다.  류우종 기자“비싸면 안 사 먹으면 되는 거 아닌가요. 재료비와 인건비가 얼마나 올랐는데요!” 배짱이다. 지난 10월 서울 강북의 한 평양냉면 노포(오래된 식당) D의 매니저가 한 말이다. 1만원이 넘는 평양냉면의 값이 비싼 거 아니냐는 질문에 돌아온 답이었다. 그에게 또 물었다. “육수 낸 고기는 수육 등으로 파는 거 아닌가요?” 다소 뜸을 들인 그는 “우리가 수육으로 쓰는 고기는 달라요”라며 면박을 준다. 당일 앞서 간 또 다른 평양냉면 노포 E. 작은 카메라로 차림표를 찍으려 하자 메마른 소리가 들렸다. “어, 뭘 찍으시려는 거예요?” 냉랭했다. 식당 내 폐회로텔레비전(CCTV)을 주시하던 매니저가 한 소리였다. 갑질 상사가 지르는 신경질적이고 면도날 같은 목소리였다. “막 찍으면 소송감이에요!” 엄포다. 그의 눈엔 쌍심지가 켜졌다. 비수기에도 ‘흑자’ 내는 평양냉면 <고기로 태어나서>의 저자 한승태 작가는 사람을 미치게 하는 것은 엄청난 사건·사고가 아니라 일상에서 겪는 사소한 불행이라고 했다. 무릎 꿇어 주문을 받는 종업원의 과잉 친절도 못 견디게 두드러기가 나지만, 지나친 당당함으로 무장한 불친절도 감당하기 버겁다. 이런 일을 여러 차례 겪으면 제아무리 지구가 불구덩이가 된다 해도 냉면은 그저 밉상이요, 불쾌한 경험의 대명사가 된다. 우리가 식당을 찾는 이유엔 단지 허기를 채우거나 식도락만 있는 건 아니다. 유쾌한 서비스는 마음의 감각을 깨워 엔도르핀을 돌게 한다. D의 매니저가 항변한 원가로 돌아가보자. 육수와 메밀면 등 재료비에 대해선 지난 칼럼에서 살펴봤다(제1232호 ‘평양냉면의 적정 가격은 얼마일까’ 참조). 인건비를 살펴볼 차례다. 7년 이상 경력의 주방 기술자는 인건비가 대략 월 300만~500만원이라고 한다. 홀 직원은 월 200만~270만원 정도다. 입수한 한 유명 평양냉면집 A의 급여 대장을 보면, 지난 8월 정규직 11명의 급여는 각각 230만~350만원으로, 한 달 이 집의 인건비 총액은 2800만원이었다. 아르바이트생 임금은 빠진 금액이다. 이제 수익을 계산해보자. 최상급 한우 암소를 쓰는 냉면집 A의 8월 하루 원가(대략 한우 563만6400원+메밀 120만원+정규직 기준 인건비 94만원)는 777만원 정도다. 하루 1200그릇 이상 팔렸다고 하니, 8월 하루 매출은 적게 잡아도 1080만원(9천원 기준)이다. 만약 냉면 가격이 1만1천원이면 1320만원, 1만3천원이면 1560만원으로 계산된다. 육수용 고기도 수육(2만~3만원)으로 판다. 아르바이트생 임금을 고려하더라도 수익이 요즘 5% 내외라는 일반 외식업체에 견줘 높다. 더구나 이 집은 월세가 200만원이지만, 강북의 대다수 노포는 주인이 소유한 경우가 많다. 임대료가 안 나간다는 얘기다. 냉면집 A의 주인은 겨울엔 손님이 50~70% 준다고 하면서도 순수익이 대략 20%라고 했다. 수입육이나 돼지고기, 사골, 닭고기 등을 쓰는 곳의 수익률은 더 높다. 올해는 남북 정상회담 이슈로 평양냉면이 불티나게 팔렸다. 미디어에 북한 냉면집 ‘옥류관’이 뜰 때마다 덕 볼 가능성도 크다. 도통 적자가 나긴 어려워 보인다. (한우를 쓴다는 한 신생 평양냉면집 주인은 냉면 한 그릇 가격이 9천원이지만, 약 10~15% 수익이 난다고 인터뷰에서 말했다.) 노포의 브랜드 파워는 엄청나다. 포털 네이버의 검색량과 연관 검색어 조회 도구인 ‘엠(M)-자비스’를 활용해 강북의 유명 노포와 신생 평양냉면집의 검색량을 따져보니, 노포의 검색이 2배 이상 많았다. 검색은 냉면집 방문으로 이어진다. 한 외식업체 전문가는 “요즘 반죽 기계와 면을 탄력 있게 만드는 급랭 기계 등의 수준이 높고 이 기계들을 갖춘 데가 많다. 그런 곳은 수익이 더 난다. 오른 원가를 고려해도 8천~9천원이 적당하다”면서 현재 유명 냉면집의 가격에는 다소 거품이 있다고 했다. 98.9%는 “평양냉면 비싸다” 다른 이들의 생각이 궁금했다. 설문조사 플랫폼 틸리언(tillionpanel.com)에 의뢰해 10월17일부터 사흘간 수도권 20~60대 남녀 2999명에게 물어봤다. ‘평양냉면을 좋아하는가?’란 질문에 62.8%가 ‘그렇다’고 답했다. 응답자의 절반이 훌쩍 넘는 75.1%가 “평균 한 달에 한 번꼴로 먹는다”고 했다. ‘현재 유명 평양냉면집 가격이 적당하냐’는 질문에 83.1%가 “아니다”라고 답했는데, 응답자의 98.9%가 비싸다고 했다. 응답자의 58.4%가 “인기에 영합해 가격을 올린 것으로 생각한다”고 했다. 지난 칼럼에서 나온 직장인 이준호(59·가명)씨와 같은 생각인 이가 많다. 평양냉면집도 한때 어려웠다. 1990년대엔 함흥냉면집이 강세였다. 한여름 식중독 예방이란 명목으로 나온 위생 점검에 고초를 겪은 곳도 적지 않았다. 하지만 옛날 신문을 살펴보면, 당시도 유명 노포들은 ‘여름철 갈 만한 식당’으로 소개된 적이 많았다. 수많은 단골이 있어 지금의 노포가 건재한 것이다. 4년 전 ‘1세대 명가 아성에 도전장을 내미는 냉면 맛집들’을 소개한 적이 있다. 그때도 노포들의 지나친 자신감에서 나온 거친 손님 응대가 거슬렸다. 권력은 꼭 정치집단에만 있는 건 아니다. 물론 평양냉면 노포가 다 D와 E 같진 않을 것이다. 지난 10월 또 다른 평양냉면 노포 F. ‘혼냉’으로 배를 채우는데, 종업원들의 얼굴에 웃음이 가득했다. E보다 2천원 비싼 1만3천원. 이 집의 친절은 계산대에 붙은 ‘축산물 (소) 등급판정확인서’(10월18일 발행. 한우 암소 구매 인증서)와 50년 넘게 이곳에서 일한 고령의 전무가 가게의 정신적 지주 노릇을 하는 데서 나왔다. 그는 “종업원 가족이 냉면을 즐기는 기회도 만들고 생일도 챙기니 분위기가 좋을 수밖에”라고 했다. E보다 여기 냉면 가격이 비싸다고 단정할 수 있을까? 가격엔 서비스도 포함된다. 하지만 F의 친절은 다른 노포들에선 좀처럼 보기 힘들었다. 어쩌면 내가 그날 F에서 운이 좋았는지도 모른다. ‘덕질’에도 품격을 따지는 시대다. 평양냉면 노포에서 품격을 기대하는 건 무리일까? 그저 돈통이 무거우면 배시시 웃고 정작 그 돈을 내는 이에게 인상 쓰는 곳에 따가운 시선을 보내도 되는 건 아닐까? 순메밀이라고 하나, 한 그릇 가격이 1만7천원인 식당을 곱게 볼 수 있을까? 노포의 품격  30여 년간 3천 개 넘는 식당을 컨설팅한 일본의 외식 전문가 우이 요시유키는 어떤 음식점이든 반드시 지켜야 할 원칙으로 ‘손님에 대한 정성, 손님에 대한 감사의 마음’을 꼽았다. 청나라 기행문을 쓴 18세기 후반 학자 유득공도 저서에 ‘평양의 냉면’을 거론했다고 하니, 우리 유전자에 박힌 평양냉면의 역사는 꽤 길다. 품격마저 갖춘다면 평양냉면 노포를 가는 일만큼 ‘힐링’이 되는 일도 없을 것이다. 글 박미향 <한겨레> ESC 팀장 mh@hani.co.kr독자  퍼스트  언론,  <한겨레21>  정기구독으로  응원하기!  전화신청▶ 1566-9595 (월납 가능)인터넷신청▶   http://bit.ly/1HZ0DmD카톡 선물하기▶  http://bit.ly/1UELpok  공식 SNS [페이스북] [트위터] [카카오]Copyrights ⓒ 한겨레신문사, 무단전재 및 재배포 금지<한겨레는 한국온라인신문협회(www.kona.or.kr)의 디지털뉴스이용규칙에 따른 저작권을 행사합니다.>"
8,2018.11.01. 오후 3:01,[주간 밥상물가]무·배추 등 김장채소 가격 안정,"닭고기·소고기 한우 물량 감소에 오름세감귤, 시설재배·노지산 물량 쏟아지며 하락세【서울=뉴시스】안지혜 기자 = 【그래픽=뉴시스】 자료:한국물가협회【서울=뉴시스】이예슬 기자 = 10월 마지막주 생활물가 동향을 살펴보면 기상여건 호조로 공급이 원활하게 이뤄지면서 채소류가 하락세를 나타냈다. 특히 무나 배추 등 김장채소가 반입 증가로 하락세를 나타냈다. 축산물 중 닭고기는 사육마릿수 감소로 반입량이 줄면서 상승세를 보였다. 과일류 중 감귤은 시설재배 물량과 노지산 물량이 동시에 출하되면서 내림세에 판매됐다.1일 한국물가협회에 따르면 전체 조사대상 73품목 중 서울 지역 기준, 닭고기·시금치·애호박·사과 등 10개 품목이 상승했고, 돼지고기·배추·대파·단감 등 15개 품목은 하락세를 보인 것으로 조사됐다.◇축산물 닭고기는 사육마릿수 감소로 반입량이 줄면서 서울·부산·대구에서 생닭 한 마리(1㎏)에 0.5%·1.4%·2% 오른 5630원·5980원·5000원에 판매됐다. 대전은 수요 감소로 5.1% 내린 5600원, 광주는 지난주와 같은 5500원에 거래됐다. 소고기 한우는 공급물량 감소로 서울·부산·대전에서 등심(1등급) 500g 당 2.1%·15.8%·2.4% 오른 4만5990원·5만8500원·4만3000원에 거래됐다. 대구는 3% 내린 4만8450원, 광주는 지난주와 같은 4만4500원에 판매됐다.◇채소류무는 시장 내 거래가 한산한 가운데 가을무의 출하량 증가로 대부분 지역에서 하락세를 나타냈다. 서울·부산·대구·광주·대전에서 한 개에 7.3~28.8% 내려 1680~2300원선에서 거래됐다. 배추는 가을배추의 출하가 시작되면서 공급물량 증가로 하락세를 보였다. 한 포기에 서울·대구·광주·대전에서 14.6%·28.7%·28.7%·7.3% 내린 2980원·2490원·2490원·2300원에 거래됐다. 부산은 3180원으로 약보합세를 유지했다.상추는 소비가 비교적 꾸준한 가운데 재배면적 증가로 하락세에 팔렸다. 100g 기준 서울·부산·대구·광주·대전에서 20.3%·20.2%·15.3%·15.3%·27% 내린 1060원·790원·940원·1050원·1300원에 판매됐다. 오이는 일교차 큰 날씨로 생산량이 감소했지만 소비가 줄면서 엇갈린 등락을 보였다. 서울·부산·대전은 개당 9.1%, 14.5%, 16.7% 내린 800원·590원·750원에, 대구·광주는 29%·6.3% 오른 890원·850원에 거래됐다.◇과일류감귤은 많은 물량이 동시에 출하되면서 서울·대구·광주·대전에서 100g 당 21.6%·42.4%·20.9%·8.3% 내린 400원·340원·340원·500원에 거래됐다. 부산은 2780원으로 약보합세를 나타냈다.◇수산물 고등어는 생물의 반입이 꾸준하게 이뤄지면서 공급 원활로 가격이 하향 곡선을 그렸다. 한 마리당 서울·대구·광주에서 28.6%·28.6%·9.6% 내린 2500원·2500원·2250원에 거래됐고 대전은 수요증가로 6.1% 오른 2600원에 팔렸다. 부산은 2980원으로 지난주와 같았다.ashley85@newsis.com▶ 뉴시스 빅데이터 MSI 주가시세표 바로가기 ▶ 뉴시스 SNS [페이스북] [트위터]<저작권자ⓒ 공감언론 뉴시스통신사. 무단전재-재배포 금지.>"
9,2018.11.08. 오전 11:00,[주간 밥상물가]무·배추 내림세…소비 줄어 한우 가격도 약세,"73품목 중 7품목 상승, 16품목 하락채소류 작황 호조로 가격 하락세제철 고등어, 지역 따라 엇갈린 시세【그래픽=뉴시스】11월 1주 주간 밥상물가 동향(73품목 서울 지역 기준, 자료:한국물가협회 )   hokma@newsis.com【서울=뉴시스】이예슬 기자 = 11월 첫째 주 생활물가 동향을 보면 축산물 중 소고기 한우가 비수기를 맞아 수요 감소로 하락세를 보였다.채소류는 작황 호조로 반입물량이 증가하면서 가격이 내렸고, 롸일류 중 단감은 제철을 맞아 반입이 꾸준히 이뤄지면서 역시 내림세에 거래됐다.전체 조사대상 73품목 중 서울 지역 기준, 고구마·고춧가루·양파·고등어 등 7품목이 상승했고 닭고기·배추·시금치·배 등 16품목은 하락세를 보였다.◇축산물소고기 한우는 비수기 시중 소비가 한산해 등심(1등급) 500g 기준 서울·부산·대구에서 1.1%·23.1%·3.1% 내린 4만5490원· 4만5000원·4만6950원에 판매됐다.돼지고기 삼겹살은 사육마릿수 증가로 공급이 원활한 가운데 지역별 수요량에 따라 등락세를 보였다. 500g 당 서울과 대구는 각각 0.1%, 17.8% 내린 1만1570원, 6950원에 팔렸다. 대전은 3.2% 오른 9800원에 거래됐고 부산과 광주는 1만150원, 8450원으로 보합세를 유지했다.◇채소류 무는 재배면적 증가로 산지 출하가 원활하게 이뤄지면서 지난주에 이어 하락세를 나타냈다. 서울·대구·광주·대전에서 15.1~18.3% 내린 1690~180원 선에서 거래됐다. 대파는 작황호조로 시장 내 반입량이 꾸준하게 증가하면서 가격이 내렸다. 한 단에 대구·광주·대전에서 9.6%·14.3%·23.6% 내린 4150원·2990원·2980원에 거래됐다.토마토는 소비부진으로 가격이 약세였다. 11kg 당 서울·부산·대구·광주·대전에서 17.2%·2.1%·22.2%·5%·7.1% 내린 6900원·9180원·7650원·7900원·7900원에 팔렸다.◇과일류단감은 반입이 꾸준히 이뤄지면서 서울·부산·대전은 한 개에 8.6%·29.5%·11.1% 내린 640원·698원·800원에 판매됐다. 대구는 수요 증가로 25% 오른 800원, 광주는 지난주와 같은 800원에 거래됐다.◇수산물 고등어는 제철을 맞아 어획량이 증가하고 있지만 조림용 등으로 시중 소비가 늘어나면서 엇갈린 시세를 보였다. 마리 당 서울·부산·광주는 19.6%·10.1%·32.9% 오른 2990원·3280원·2990원에 거래됐다. 대구와 대전은 각각 8.8%·3.8% 내린 2280원·2500원에 팔렸다.ashley85@newsis.com▶ 뉴시스 빅데이터 MSI 주가시세표 바로가기 ▶ 뉴시스 SNS [페이스북] [트위터]<저작권자ⓒ 공감언론 뉴시스통신사. 무단전재-재배포 금지.>"
10,2018.11.29. 오전 10:30,[주간 밥상물가]추워진 날씨에 채소류 가격 상승세,"수육용 수요 는 삼겹살, 지역별 등락 엇갈려안 잡히는 오징어, 물량 달려 값 비싸져【그래픽=뉴시스】11월 4주 주간 밥상물가 동향(73품목 서울 지역 기준, 자료:한국물가협회 )     hokma@newsis.com【서울=뉴시스】이예슬 기자 = 11월 마지막 주 생활물가 동향을 보면 기온이 영하권으로 내려가면서 채소류의 생육이 부진해 가격이 오름세를 나타냈다.김장철을 맞아 수육용 등으로 수요가 증가한 삼겹살은 지역별로 등락이 엇갈렸다. 오징어는 어획 부진으로 물량이 달려 상승세다.전체 조사대상 73품목 중 서울 지역 기준, 소고기·감자·오이 등 6품목이 상승했고, 닭고기·당근·무 등 14품목은 하락세를 보였다.◇채소류오이는 기온이 영하로 떨어지면서 생육부진과 출하물량 감소로 값이 올랐다. 서울·대구·광주·대전에서 취청 품종 한 개당 17.7%·32%·26.7%·21.4% 오른 930원·990원·950원·850원에 판매됐다.감자는 저장품 출하가 종료되고 품질 좋은 햇품의 반입이 이뤄지면서 수요 증가로 가격이 상승했다. 서울·부산·대구·광주·대전에서 1㎏ 당 19.2%·25.4%·41.7%·23.1%·8.5% 오른 4290원·4990원·5100원·3570원·3580원에 거래됐다.배추는 김장철을 맞아 수요가 꾸준하지만 출하물량이 늘면서 하락세다. 포기 당 부산·대전에서 25%·20% 내린 1500원·2000원에 팔렸고, 서울·대구·광주는 각각 2490원에 판매돼 약보합세를 유지했다.◇축산물수육용으로 인기가 좋은 돼지고기 삼겹살은 공급이 원활한 가운데 지역별로 엇갈린 시세를 나타냈다. 500g 당 서울·광주·대전은 1.3%·5.9%·2.1% 내린 1만290원·7950원·9400원에, 부산·대구는 15.2%·14.4% 오른 1만250원·7950원에 판매됐다.소고기 한우는 매기가 한산했지만 도축물량 역시 줄면서 역시 지역별로 다른 양상을 보였다. 등심(1등급) 500g 기준 서울·대구는 7.5%·25.4% 오른 4만5710원·4만6950원, 부산·대전은 1.7%·1.8% 내린 4만1300원·4만3000원에 팔렸다.◇수산물오징어는 산지 해역에서 어획이 부진해 가격이 올랐다. 서울·부산에서 마리 당 7.1%·21.3% 오른 4080원·4320원에 거래됐다.가격이 비싸지면서 광주에서는 수요가 감소해 5% 내린 3790원에 팔렸다.ashley85@newsis.com▶ 뉴시스 빅데이터 MSI 주가시세표 바로가기 ▶ 뉴시스 SNS [페이스북] [트위터]<저작권자ⓒ 공감언론 뉴시스통신사. 무단전재-재배포 금지.>"
11,2018.11.12. 오전 11:25,[aT와 함께하는 글로벌푸드 리포트] 맛·건강·가격까지…‘한국 덮밥’ 홍콩 편의점서 인기,"아시아의 미식도시 홍콩은 다양한 음식문화, 외식문화가 발달돼 있다. 세계 각국의 음식을 쉽게 맛볼 수 있을 뿐만 아니라, 딤섬·밀크티 등 홍콩을 대표하는 현지 먹거리 또한 매우 풍성하다. 그 중에서 빼놓을 수 없는 것은 바로 홍콩식 “덮밥”이다. 덮밥은 홍콩 현지인들의 식생활에서 빠지지 않는다. 저렴하고 다양한 종류의 덮밥요리는 밀집된 도시에서 바쁘게 살아가는 홍콩 현지인들의 한 끼를 간단하게 해결해주는 음식이다. 홍콩식 덮밥은 중국, 대만과 비교해 유독 식감이 좋으며, 돼지고기·닭고기·오리고기 등으로 만들어진다. 일반적으로 고기에 특유의 양념을 절여서 흰밥 위에 얹은 것이 특징이다. 최근에는 즉석식품을 말하는 “띵띵식품”에도 덮밥이 인기를 끌고 있다. “띵띵”이란 전자레인지가 내는 홍콩 특유의 의성어를 지칭하며, 홍콩사람들은 전자레인지에 간편히 데워먹을 수 있는 즉석식품을 “띵띵식품”이라 부르고 있다. 맞벌이 부부와 1인가구가 늘어나고 있는 홍콩에서는 딤섬·파스타·덮밥 등 다양한 종류의 “띵띵식품”이 판매되고 있으며, 특히 간편하게 한 끼를 때울 수 있는 즉석덮밥류의 반응이 좋다. 홍콩에서 즉석덮밥을 판매하는 주요 브랜드로는 잇이스트(Eat east), 맥심패스트푸드(Maxim’s fast food), 핫앤인(Hot & in)등이 있다. 홍콩에서는 접근성이 높은 편의점에서 즉석식품군의 소비가 많이 이루어지고 있으며, 즉석덮밥의 경우 주로 매장에 설치된 전자레인지에 간편히 데워먹거나 테이크아웃 하며 먹고 있다. 학교 주변이나 1인 가구가 밀집된 지역에서 판매가 늘어나고 있는 추세다. 하지만 최근 홍콩의 소비자위원회와 다수 언론매체에서 판매순위가 높은 즉석식품군을 조사한 결과, 제품당 나트륨 함량이 평균 1일 권장 나트륨 함량의 50%에 달하는 것으로 드러났다. 즉석식품이 건강에 해롭다는 인식이 생기면서, 최근 즉석식품 제조업체들은 화학조미료, 인공첨가물을 줄인 즉석덮밥을 출시 중이다. 이런 가운데 한국의 즉석섭취식품 시장은 가파르게 성장하고 있다. 한국의 즉석덮밥은 이미 직장인이나 학생들 사이에서 큰 인기를 끌고 있다. 현지 SNS 상에서 한국산 즉석덮밥식품에 관한 다양한 후기가 올라오고 있으며 향후 소비가 더욱 활발해질 것으로 기대된다. 지난 2017년 기준 홍콩의 간편 조리식품 시장의 매출규모는 9억 3900만 홍콩달러(한화 약 1355억 원)를 기록하며 전년 대비 3% 증가했고, 5년 후인 오는 2022년에는 10억 홍콩달러에 도달할 것으로 예상된다. aT 관계자는 “홍콩 시장은 한국 즉석식품이 시장점유율을 확대할 수 있는 유망한 시장”이라며 “다만 맛이나 가격, 건강 면에서 경쟁력을 갖춰야 할 것”이라고 전했다. 육성연 기자/gorgeous@ [도움말=최호성 aT 홍콩지사]▶네이버 채널 [헤럴드경제] 구독하기▶생생한 리뷰 최저가 쇼핑 헤럴드 리얼라이프 ▶헤럴드경제 사이트 바로가기 - Copyrights ⓒ 헤럴드경제 & heraldbiz.com, 무단 전재 및 재배포 금지 -		"
12,2018.11.06. 오전 9:43,"GS25, 반려동물을 위한 펫코노미 허브 점포 4000개로 확대","GS25가 1000만 반려동물 인구를 위한 펫코노미(Pet+Economy) 허브 역할을 수행한다.GS리테일이 운영하는 GS25가 SBS TV동물농장과 손잡고 반려동물 용품 PB(전용상품 브랜드)를 새롭게 론칭했다. 이번에 선보이는 ‘유어스 TV동물농장’ 반려동물 용품은 프리미엄급 반려견 간식 6종, 사료 2종, 장난감 4종 등 총 12종이며 해당 상품은 반려동물 용품 전용 매대로 구성된다.GS25는 반려 동물 용품 전용 매대를 그 동안 총 1800점포에서 운영해왔는데 이번에 새로운 브랜드를 론칭하며 내년까지 1인 가구 구성비가 많은 상권 위주로 전국 4000개 점포로 확대 운영하기로 했다.GS25가 반려동물 용품을 전략적으로 강화하기로 한 데에는 고령화, 1인 가족 증가, 소득 증가 등으로 국내 반려동물 용품 시장이 급성장하고 있기 때문이다. 실제로 GS25의 반려 동물 용품 매출은 ’16년 47.3%, ’17년 72.5%로 매년 성장하고 있으며, 올해는 전년 대비 90% 이상의 성장율을 기록할 것으로 예상하고 있다.이번에 출시하는 반려견 간식은 사람이 먹을 수 있는 수준의 품질인 휴먼그레이드 등급으로 ▲치킨말이치즈 ▲한우콜라겐껌 ▲돈피콜라겐껌 ▲돼지귀슬라이스 ▲군고구마스낵 ▲혼합스낵황태 총 6종이다. 인공색소, 인공향료, 글루텐이 제거된 3무 상품이며 국내산 원재료로 국내 생산해 품질을 포함한 생산 모든 과정도 프리미엄급으로 운영되고 있다. 간식류 6종은 국내 출시된 간식류 중 가장 인기 있는 상품 위주로 구성했고, 소화를 돕는 이눌린 성분과 각종 필수 아미노산 등을 비롯한 기능성 원료도 첨가됐다. 가격은 종류 별로 상이하며 4500~6500원 수준이다.반려견 사료는 연어, 닭고기 2종으로 합성보존료와 알레르기를 유발하는 곡물 재료를 철저히 배제했고 유명 닭고기 전문 기업인 하림사에서 공급받는 원재료만 사용한다. GS리테일은 프리미엄급 품질을 유지하기 위해 까다로운 사료 가공 방식을 채택했다. 대량 생산에 유리하지는 않지만 오븐으로 쿠키를 굽는 방식인 오프베이크드 가공으로 상품의 안전성뿐만 아니라 더욱 풍부한 맛과 향을 느끼게 했다. 2종의 특별한 사료는 모두 200g 용량이며 가격은 4000원에 판매된다.애견 사료 2종은 일반 식품의 안전성을 입증하는 HACCP(식품위해요소중점관리기준) 인증 제조 공장에서 생산되고, 간식 6종은 ISO9001(품질경영시스템국제규격) 인증을 취득한 곳과 제휴했다.총 4종의 장난감은 반려동물이 좋아하는 유기농 실, 펠트천, 실리콘 등을 소재로 사용했고 반려동물의 스트레스 해소와 치석 제거에 도움이 될 수 있게 깨물고 놀기 좋은 사이즈로 개발됐다.GS리테일은 2001년부터 17년간 인기리에 방송되고 있는 SBS TV동물농장과 진행한 이번 컬래버레이션 반려 동물 상품이 고객에게 큰 호응을 얻을 것으로 예상하고 있으며, 취급 점포 수 확대 뿐만 아니라 취급 상품도 고양이 등 타 반려 동물 상품 영역까지 확대할 계획을 가지고 있다.안병훈 GS리테일 생활서비스 MD부문장은 “국내 전체 반려 동물 관련 시장 규모가 ’15년 1.8조에서 ’20년 5.8조 수준으로 확대될 것으로 예상하고 있다. 노령화, 1인 가족 증가로 인해 반려 동물을 가족처럼 생각하며 프리미엄 상품을 찾는 고객 니즈가 늘어남에 따라 관련 상품을 점차 확대하고자 한다”고 말했다.데일리안 최승근 기자 (csk3480@dailian.co.kr)ⓒ (주)데일리안 - 무단전재, 변형, 무단배포 금지		"
13,2018.11.15. 오전 10:39,콧대 낮아지는 호텔들  무제한 와인 ·1∼3만원대 요리 속속 등장 [최현태 기자의 푸드홀릭]," 호텔 유명 중식 셰프 요리 1∼3만원대로 즐겨 / 품질 뛰어난 와인 무제한 제공 호텔까지 등장밀레니엄 서울힐튼 중식당 타이판 비지니스 런치여친과 사귄지 100일을 맞은 직장인 박모(32)씨. 뜻깊은 날인 만큼 호기를 부려 호텔 맛집을 찾아 나섰지만 예약을 잡지 못하는 중이다. 호텔에서 식사하려니 보통 1인당은 5만원은 넘고 고급진 뷔페 레스토랑은 10만원에 육박했다. 새내기 직장인 박씨 입장에서는 부담스러운 가격이라 선뜻 지갑을 열기 쉽지 않다.하지만 고민할 필요가 없다. 요즘 몇몇 호텔을 중심으로 가격 파괴 바람이 불면서 잘 찾아보면 합리적인 가격에 호텔 레스토랑을 즐길 수 있기때문이다. 점심 식사는 1∼3만원대에 메뉴가 속속 등장할 정도다. 특히 한국인들에게 가장 인기있는 중식과 이탈리아 요리라는 점이 매력적이다. 뿐만아니다. 저녁에는 다양한 와인이나 맥주를 무제한 즐길수 있는 곳도 늘고 있다. 콧대 높은 줄만 알았던 호텔들이 실속을 중요시하는 트렌드에 맞춰 속속 문턱을 낮추고 있어 소비자들의 입은 즐거울 따름이다. #1만∼3만원대로 즐기는 호텔 유명 셰프의 중식밀레니엄 서울힐튼 중식당 타이판에 광동요리의 대가가 있다. 바로 37년 중식요리 외길을 걸든 조내성 셰프다. 그가 자신의 이름을 걸고 2만5000원짜리 비지니스 런치를 내놓았다. 오늘의 수프와 메인요리, 디저트로 구성됐는데 메인이 아주 다양하다. 돼지고기 가지볶음, 새우를 넣은 마파두부, 사천식 라조기, 캐슈넛 닭고기 볶음, 가상두부 야채볶음중 입맛따라 고르면 된다. 또 백반과 홍시향 두부 디저트까지 나온다. 조 셰프는 “소금, 기름, 녹말을 최소한만 사용해 좋은 식재료 본연의 맛을 최대한 살리면서 완성도 있는 요리를 만드는데 중점을 뒀다”고 설명했다. 켄싱턴호텔 여의도 중식당 샹하오는 여의도 인근 직장인과 소규모 친목 모임을 위해 극강의 가성비를 자랑하는 샹하오 런치 세트 메뉴 3종을 선보이고 있다. 요리류 2~3종, 식사류 1종, 디저트 1종으로 구성된 코스 요리를 모두 1~2만원대에 이용할 수 있다. 특히 메인요리는 샹하오에서 가장 인기 있는 메뉴로 구성됐다는 점이 특징이다. A세트는 어향동고와 깐풍기, B세트는 유산슬과 토마토 칠리 중새우 C세트 삼품냉채, 일품 해삼, 아스파라거스 소고기 볶음으로 구성됐다. 식사류는 삼선짜장면, 삼선짬뽕, 볶음밥 등이다. A세트 1만6900원, B세트 1만7900원, C세트 2만5900원로 부담없는 가격이다.쉐라톤 그랜드 인천 호텔의 유에는 삼선짬뽕과 수제 딤섬으로 지역에서 인기가 높은 중식당이다. 인기 메뉴만 모아 3만원대 주중 런치 세트를 구성했다. A세트는 게살 수프, 돼지고기 탕수육 요리와 식사, 디저트로 구성됐고 7000원을 추가하면 20년 경력의 중국 본토 출신 셰프가 빚은 4가지 딤섬을 즐길 수 있다. 그랜드 하얏트 서울 호텔 제이제이 델리에 런치 코스 메뉴#부담없이 이탈리안 미식에 푹 빠져볼까 서울 남산에 있는 그랜드 하얏트 서울 호텔의 캐주얼 유러피언 레스토랑 제이제이 델리에 점심에 가면 3만9000원에 이탈리아 각 지방의 요리를 코스로 맛볼 수 있다. 재미있는 것은 한주 단위로 메뉴가 계속 바뀐다는 점이다. 매주 수요일마다 새로운 메뉴가 시작된다. 애피타이저, 메인, 디저트, 커피 또는 차로 구성됐고 메인 요리는 호주산 소고기 플랭크 스테이크, 오징어 먹물 링귀네 봉골레, 마르게리타 피자 등 다양하다. 오픈 키친을 통해 셰프의 요리 과정도 직접 지켜볼수있다는 점도 매력적이다.와인을 좋아하는 대식가라면 그랜드 하얏트 인천 이스트 타워 1층 레스토랑 8의 런치뷔페 ‘All-You-Can-Eat’ 이 딱이다. 메인은 속을 채워서 구운 오징어, 이탈리안 스타일의 로스트 치킨 등 육류와 해산물을 이용한 셰프의 시그니처 메인 요리중에서 고를 수 있다. 오늘의 수프가 기본적으로 제공되고 이에 곁들일 수 있는 전채요리, 다양한 종류의 치즈와 햄, 신선한 야채로 구성된 샐러드 뷔페와 쇼트 케이크, 타르트, 과일 등으로 구성된 디저트 뷔페까지 3만5000원에 맘껏 즐길 수 있다. 레스토랑 8은 또 세계적으로 저명한 와인매체 스펙테이터가 선정하는 레스토랑 와인 리스트 어워드에서 올해까지 7년 연속 ‘베스트 오브 어워드 오브 엑설런스’를 수상한 곳이다. 그만큼 뛰어난 와인 리스트를 보유하고 있다는 얘기. 런치 뷔페때 1만1000원을 추가하면 레드와 화이트 와인을 무제한 제공된다. 파크 하얏트 서울 더 라운지#호텔 무제한 와인도 나왔다파크 하얏트 서울 최고층인 24층에는 반짝이는 야경을 감상할 수 있는 더 라운지가 있다. 연말까지 라이츠 아웃(Lights Out) 프로모션이 진행중인데 매일 오후 9시30분∼11시 30분 2시간동안 콜드컷, 치즈 플래터와 와인, 맥주를 6만9000원에 무제한으로 즐길 수 있다. 특히 와인 리스트가 좋아 와인을 좀 마셨다는 이들도 만족할 만한 수준이다. 스파클링 와인은 이탈리아 프로세코인 발도비아데네 수페리오레 루스티코(Valdobbiadene Superiore Rustico), 화이트는 리슬링 품종 와인 슐로스 요하니스베르그 겔블락(Schloss Johannisberg Gelblack), 소비뇽 블랑 품종으로 빚은 호주 와인 말보로 머드 하우스 싱글 빈야드(Marlborough Mud House Single Vinyard), 이탈리아 화이트 와인 대표 생산지중 한 곳인 피에몬테 가비에서 코르테제 품종으로 빚은 카비앙카(Ca'Bianca)가 제공된다. 레드 와인은 부르고뉴 피노누아 알렉스 감벨 뀌베 레 듀 파피스(Alex Gambal Cuvee les Deux Papis) 2012, 호주 유명생산지 쿠나와라에서 생산되는 카트눅 파운더스 블락 쉬라즈(Katnook Founder's Block) 2015, 아르헨티나의 유명 생산자 테라자스가 빚는 리제르바 말벡(Terrazas Reserva Malbec) 2016을 즐길 수 있다. 영동대로와 코엑스를 내려다볼 수 있는 연인석은 좌석이 한정돼 반드시 예약을 해야 한다.  노보텔 앰배서더 서울 강남의 라이브 뮤직바 그랑아II음악과 함께 와인을 무제한 즐기고 싶다면 노보텔 앰배서더 서울 강남의 라이브 뮤직바 그랑아II(Gran-A II)를 선택하면 된다. 월∼토요일 오후 6시∼9시 무제한 와인·맥주와 그릴치킨, 소시지 및 각종 튀김류와 콘 치즈, 샐러드가 포함된 풍성한 모둠 바베큐를 3만9000원에 즐길 수 있다. 무제한 와인은 물론, 콜키지 차지 없이 와인을 가져가서 즐길 수 있는 호텔도 탄생했다. 서울 서대문구 연희로에 있는 그랜드 힐튼 서울의 뷔페 레스토랑은 11월말까지 매주 화요일 와인 디너 뷔페가 마련된다. 한식, 일식, 중식, 양식 등 100여 가지의 메뉴와 함께 기본적으로 레드 2종, 화이트 1종, 스파클링 1종이 무제한 나온다. 1인당 7만8000원.  밀레니엄 서울힐튼 바 오크룸밀레니엄 서울힐튼의 지하 로비층 바 오크룸은 당분간 주당&대식가들의 성지가 될 것으로 보인다. 2019년 4월까지 매일 오후 6시∼8시30분 다양한 뷔페식 요리와 함께 무제한 제공되는 와인과 맥주를 4만9000원에 즐기는 카베리 해피아워(Carvery Happy Hour)가 마련됐기 때문이다. 와인은 칠레 J뷰숑 카베르네 쇼비뇽과 샤르도네, 맥주는 하이네켄, 수제 생맥주, 카스가 준비된다. 특히 고객 앞에서 직접 썰어서 제공해주는 즉석 카빙 요리가 제공된다. 월∼수요일은 양다리구이와 쇠고기 양념 구이, 목∼금은 삼겹살 구이와 쇠고기 갈빗살 스테이크가 나온다. 특히 다양한 안주가 뷔페식으로 제공되는 메뉴가 어마어마하다. 야채 볶음 국수, 양고기 커리와 미니 피타 브레드, 후라이드 치킨, 닭강정, 모둠 야채 구이, 탕수육, 소시지와 사우어크라우트(독일식 양배추 절임), 나쵸와 칠리 콘카네, 모둠 프렌치 페이스트리, 과일 칵테일 등이 마련돼 대식가라면 반드시 도전해보시길. 서울 여의도 메리어트 호텔 2층 파크카페에서는 매주 목욕일 오후 6시∼9시 ‘윈터 인 더 글라스’가 12월 27일까지 마련된다. 6만500원에 와인 7종이 무제한 제공되고 겨울 제철 재료를 활용한 올리브, 치즈, 핫 & 콜드, 디저트 등 한 끼 식사를 대신할 수 있는 풍성한 세미 뷔페 메뉴가 나온다.최현태 기자 htchoi@segye.comⓒ 세상을 보는 눈, 글로벌 미디어 세계일보"
14,2018.11.13. 오후 5:05,"[먹거리+IT] 한반도 프로젝트, 음식으로 남북한 간격을 줄이고 싶습니다","			지난 2017년 3월 2일, 농식품부가 발표한 자료에 따르면, 국내 농업 시장 규모는 2014년 4조 7,000억 원, 2015년 5조 1,000억 원, 2016년 5조 7,000억 원으로 매년 증가하고 있다. 특히, 전세계적으로 인구 증가와 함께 '식량'에 대한 수요가 꾸준히 늘어나면서 사양 산업으로 여겨졌던 농수축산업에 대한 관심은 지속적으로 높아지는 단계. 이러한 관심을 토대로 품질 개선, 생산성 향상 등 농수축산업에 다양한 ICT 기술을 융합하는 시도도 꾸준히 증가했다. 더불어 농수축산업이 1차 산업이 아닌 제조와 서비스를 결합한 6차 산업으로 발전해야 한다는 목소리도 크다.서울시는 이러한 시대의 흐름에 맞춰 가락시장 현대화 시설인 가락몰 1관과 2관 3층(약 500평)에 농식품(Food•Agri Tech)분야에 특화한 '서울 먹거리 창업센터'를 개설했다. 서울 먹거리 창업센터 설립 목적은 농식품 관련 기업의 새로운 아이디어와 상품 개발을 도와 농업 생산물을 고부가가치 상품으로 발전시킬 수 있도록 식품가공기술, 인허가, 특허, 디자인, 홍보 마케팅을 지원하는데 있다.서울 먹거리 창업센터는 지난 2016년 12월 1차 입주를 통해 22개 업체로 본격적인 문을 열었으며, 작년 2월 2차 입주, 7월 3차 입주를 진행했다. 또한, 작년 12월 7일 창립 1주년을 맞아 4차 입주 심사를 시작한 뒤 올해 2월 4차 입주를 진행해, 2018년 7월 현재 매출액 50억 원, 투자유치 6개사 25억 원, 고용창출 50명, 지적재산권(특허 10건, 디자인 6건, 상표 23건), 정부지원사업 지원(24개사 45건 진행, 총 17억 원 규모) 등의 운영성과를 거두고 있다.서울 먹거리 창업센터는 입주 기업에게 사무공간(개방형, 개별)과 시제품을 제작할 수 있는 '오픈키친', 입주기업 간 네트워킹 공간 등을 무료로 제공하며, '창업 교육', '멘토링', '컨설팅', '투자연계' 등 다양한 창업지원 서비스도 지원 중이다. 2018년 7월 기준, 서울 먹거리 창업센터에는 식품 제조/가공/유통 22개, 푸드테크 15개, 기타 2개(서비스 1개, 사회적기업 1개) 등 총 39개 기업이 입주 중이며, 누계 69개사가 센터와 인연을 맺었다.< 서울 먹거리 창업센터 >(출처=IT동아)이에 IT동아는 우리네 먹거리와 IT 기술을 융합해 새로운 꿈을 꾸고 있는 서울 먹거리 창업센터 입주 기업들을 만나 현장의 생생함을 담은 그들의 목소리를 듣고, 실제 겪고 있는 어려움 등을 전하고자 한다. 이번 인터뷰는 '쥬얼아이스'의 장정훈 대표를 만나 이야기를 들었다.홍보/마케팅으로 주목받은 쥬얼아이스IT동아: 만나서 반갑다. 지난 7월 이곳 먹거리 창업센터에서 만난 뒤, 약 4개월이 지났다. 당시에도 눈에 들어왔던 얼음이 인상 깊었는데.장정훈 대표(이하 장 대표): 2017년 9월, 3차 입주 기업 심사로 이곳과 인연을 맺은 뒤, 어느새 1년이 지났다. 그동안 생각 속에만 있던 '쥬얼아이스'를 현실로 옮길 수 있었다. 이 자리를 빌어 가장 먼저 먹거리 창업센터 관계자 여러분에게 감사의 말을 전하고 싶다. 쥬얼아이스는 이전에 소개했듯이 1시간 이상 녹지 않는 얼음이다. 누구나 쉽게 만들 수 있도록 프리미엄 맞춤형 얼음틀 '쥬얼몰드'도 개발했다.일상에서 구할 수 있는 기존 일반 제빙기 얼음은 너무 빨리 녹는다. 때문에 얼음을 넣으면 음료 맛을 변하게 한다. 구조적 문제와 관리 소홀 등으로 발생할 수 있는 위생상 문제도 있다. 몇몇 문제를 해결한 기존 프리미엄 얼음은 얼음을 크게 얼린 뒤에 불투명한 부분을 잘라낸 뒤 나머지 부분을 사용하는 방식으로 만든다. 이후 유통, 가공 등을 거쳐서 가격도 비싸지고, 품질도 처음 생산했을 때보다 떨어지기 마련이다.< 쥬얼아이스 장정훈 대표 >(출처=IT동아)쥬얼몰드는 특허 출원한 삼단방한 공법으로 보석같이 투명하고 녹지 않은 얼음을 생산할 수 있도록 돕는다. 이렇게 만든 쥬얼아이스는 위스키, 탄산음료, 커피 등 어떤 음료와도 잘 어울린다.쥬얼아이스는 투명하고, 밀도 높은 얼음이다. 쥬얼몰드를 이용하면 일반 냉동고에서 누구나 생산할 수 있는 것도 장점이다. 위에서부터 얼음이 천천히 얼면서 내려가는 방식으로 내부에서 얼음이 깨지거나 불순물이 들어가 불투명해지는 현상을 방지한다.얼음 안에 식용 꽃이나 허브, 브랜드 로고 등을 넣어 이벤트나 마케팅, 홍보 용도로도 활용할 수 있으며, 원하는 모양의 얼음도 주문제작할 수 있다. 킥스타터를 통해 개인용 쥬얼몰드 판매도 진행했다. 그리고 쥬얼아이스 전문 얼음 생산 공장도 마련했다. 기본 쥬얼아이스 가격은 개당 700원 정도로 고급 위스키바 등에서 이미 수요를 확인한 바 있다.< 쥬얼아이스를 제작할 수 있는 쥬얼몰드 >(출처=IT동아)IT동아: 지난 만남 이후 얻은 성과가 있다면.장 대표: '부산 호텔페어', '킨텍스 호텔페어', 'Gitex 두바이 전시회' 등에 참여하며 쥬얼아이스를 알렸다. 제품 개발 고도화 과정과 얼음 공장 양산화 과정도 마무리했고. 전시회에 얼음을 직접 들고 가서 참여해 좋은 반응을 이끌어냈다. 전반적으로 시원하게 먹는 얼음 자체에 주목 받은 것이 아니라, 얼음 속에 꽃이나 허브, 브랜드 로고 등을 넣는 시각적인 효과에 반응이 컸다. 허브를 넣어 칵테일이나 브랜디와 어울리도록 제조하는 후각, 미각 측면에도 관심이 많더라.두바이의 경우, 자본이 많이 유입/유통되는 지역인 만큼 호텔에서 고객에게 제공하는 프라이빗한 서비스로 쥬얼아이스를 활용하려는 니즈가 컸다. 이러한 부분을 서로 조율했고, 국내 한 호텔과는 오는 12월부터 얼음을 공급하기로 협의하는 성과도 맺었다.열심히 쥬얼아이스를 알리고, 영업하는 단계다. 생각보다 영업이 어렵지 않다. 샘플을 제공하면, 대부분 그 안에 무엇을 넣을지, 브랜드 로고 제작은 어떻게 할 수 있는지 등 부가 서비스 연계로 미팅이 이어진다. 이에 얼음 내부에 넣는 과정을 보다 저렴하고 쉽게 할 수 있도록 개발하고 있다. 브랜드 로고를 제작할 때, 초콜릿이나 젤리 등을 활용하는 방법도 고민 중이고. 귀를 열고 열심히 듣고 있는 상황이다. 추가 제작이 필요하기 때문에 아무래도 비용적인 측면이 가장 고민이다. 다만, 이 부분도 초기 물량만 어느 정도 협의되면 쉽게 해결할 수 있다.< 다양한 쥬얼아이스 >(출처=IT동아)음식으로 북한과 남한의 70년 간격을 줄이고 싶다IT동아: 그리고 요즘 쥬얼아이스와 함께 따로 준비하는 것이 있다고 들었는데.장 대표: 하하. 쥬얼아이스를 준비하면서 인연을 맺은 영상전문 업체 '디올', 음식 전문 업체 'SYL corp', 홈페이지 제작 업체 '디자인 울프', 디자인 전문 업체 '디자인 스튜디오 36.5'과 함께 프로젝트성 캠페인 '한반도 프로젝트'를 시작했다. 한반도 프로젝트는 남북한 음식 문화 알리기 캠페인이다. 지금 현재, 우리는 과거 유래 없는 남북한 화해 분위기를 접하고 있다. 하지만, 70여년간 떨어져 있는 남과 북은 아직 간격이 멀다. 이걸 어떻게 줄일 수 있을까 고민했고, '음식'이 가교 역할을 할 수 있을 것이라 생각했다.북한 음식하면 떠오르는 것, 무엇이 있을까. 평양냉면이다. 하지만, 평양냉면을 먹기 위해 우리가 놀러가듯 옥류관을 방문할 수는 없는 노릇 아닌가. 서울에 북한 음식을 잘하는 맛집이 몇군데 있지만, 지방에서 서울까지 매번 올라올 수도 없는 일이고.그래서 우리가 찾은 분이 '윤선희 명장'이다. 윤선희 명장은 한식대첩, 수요미식회 등을 통해 알려진 북한의 음식 명장이다. 탈북하기 전 북한에 있을 때 북한의 고위 장성들이 방문하는 '양각도' 식당을 운영한 경력도 있다.< 윤선희 명장과 협약서 체결 후, 출처: 와디즈 한반도 랭면 홈페이지 >윤선희 명장을 찾아가 이렇게 말했다. ""제대로 된 평양냉면을 만들고 싶습니다""라고. 어떤 편견이나 선입견 없이 평양냉면을 그대로 담아 남과 북이 같은 입맛을 가진 한 식구임을 되새기고 싶었다. 그동안 이름만 대면 알 수 있는 대기업의 사업제안도 거절하셨던 윤선희 명장이 한반도 프로젝트에 참여하시게 된 이유다.윤선희 명장은 스스로 평양냉면에 자부심이 깊다. 사실 평양냉면에 대한 북한 사람들의 사랑과 자부심은 남다르다. 지난 남북정산 회담에서 육수의 깊은 맛과 면의 식감을 유지하기 위해 평양에서 직접 육수와 메밀면을 공수했던 것도 같은 이유다. 대기업의 제안을 거절했던 것도 ""그들의 요구를 들어주면 맛을 지켜낼 자신이 없었기 때문""이라고 말하셨다.한반도 프로젝트의 첫 음식, '한반도 랭면'IT동아: …맞다. 음식은 바로 했을 때가 가장 맛있는 법 아닌가. 대량 생산, 대량 유통을 위해서는 어느 정도 포기해야 할 것도 생길텐데.장 대표: 윤선희 명장이 한반도 프로젝트에 참여하며 한가지만 지키자고 부탁했다. 자신이 OK할 때까지 맛에 대해서는 양보할 수 없다고. 우리도 여기에 동의하며 시작해 '한반도 랭면'을 준비했다.< 한반도 랭면, 출처: 와디즈 한반도 랭면 홈페이지 >한반도 랭면은 간편식(HMR)으로 개발했지만, 평양냉면의 맛을 흉내내는 것이 아닌, 원래 조리법을 그대로 고집했다. 일단 순도 100%의 메밀을 뽀얀 흰색 속살이 비칠 때까지 도정 과정을 반복하고, 전통 평양 방식 그대로 소고기, 돼지고기, 닭고기와 함께 각종 채소와 약재를 하루 종일 우려낸다. 여기서 끝나지 않고 수차례 기름과 불순물을 걸러내 맑은 빛깔과 담백한 맛을 찾는다.전통 평양냉면은 면이 육수에 푹 잠겨야 제대로 맛을 느낄 수 있기에 육수와 면도 기존보다 많이 담았다 메밀의 함량에 따라 부드럽게 넘어가는 식감을 좌우하기에 순도 100%도 지켜냈다.IT동아: 모든 준비가 끝난 것인지.장 대표: 준비는 끝났다. 가격 때문에 생산 공장과 조율하는 기간이 필요했다. 가격을 포기하면 쉽게 마무리할 수 있었는데, 맛을 포기할 수 없기에 적정선을 찾는 것이 힘들었다. 상업적인 논리는 버렸다. 북한 고유의 맛을 살리겠다는 한반도 프로젝트 본연의 취지에 집중했다.1차 한반도 프로젝트인 '한반도 랭면'은 11월내 와디즈를 통해 크라우드펀딩으로 판매할 예정이다. 현재 오픈 예정 홈페이지는 이미 열었다. 이후에 '굴림 만두', '파전', '어복쟁반' 등을 기획해 선보일 예정이다. 북한에도 고급스러움을 담은 다양한 음식이 있다는 것을 알리고 싶다. 긴 시간 떨어져 있던 우리 민족의 문화를 함께 공유하고 싶은 바람이다.< 쥬얼아이스 장정훈 대표 >(출처=IT동아)IT동아: 한반도 랭면도 결국 생산공장에서 만드는 것인데.장 대표: 메밀면, 포장 등을 생산공장에서 담당한다. 육수는 윤선희 명장이 직접 만든다. 생산공장이 아닌 별도의 중앙키친(C.K)에서 소스를 준비해 만들고, 이를 생산공장으로 옮겨서 포장하는 형태다. 사실 냉면은 육수가 가장 중요하다고 하는데, 그만큼 면발도 중요하다. 어떤 온도로 어떻게 배합하는지에 따라 식감이 달라진다. 이 과정도 윤선희 명장이 직접 참여해 배합하고. 레시피를 그대로 살려서 적용한다. 그래서 한번 생산할 때마다 제한수량이 있다.처음에는 북한에 남한의 삼계탕을 만들어서 보내려고 준비했는데, 현실적으로 여러 제재와 규제 등으로 음식을 직접 보내는 것은 어렵다는 것을 알게 됐다. 이에 한반도 프로젝트를 통해 발생하는 수익 중 일부는 남북 음식을 교류하는 곳이나 새터민 정착 등에 기부할 계획이다. 북한의 음식을 알리고, 문화를 체험할 수 있는 곳 등에 지원할 예정이다. 앞으로도 한반도 프로젝트와 쥬얼아이스에 많은 관심을 부탁드린다.동아닷컴 IT전문 권명관 기자 tornadosn@donga.com▶ 동아일보 단독 / 동아일보 공식 페이스북▶ 동아일보 채널 구독하고, 아이폰XS 받자!ⓒ 동아일보 & donga.com, 무단 전재 및 재배포 금지		"
15,2018.11.22. 오전 11:08,[우아한 청년 발언대]처음 마주친 北 군인들에 괜한 두려움으로 ‘덜덜’,"청년 이으뜸의 유금강산기(遊金剛山記)-<上>민화협 1020 청년 기자단으로 활동한지 3년째. 작년까지만 해도 중국 연길과 같은 북중접경지역을 통해 북한을 간접적으로 체험할 수 있는 기회는 있었지만 얼어붙은 남북관계 속에서 우리가 북한을 간다는 건 그저 상상 속에서나 가능했던 일이었다. 하지만 2018년 4월 27일 판문점 선언 이후로 남북관계는 이전과는 180도 다른 국면을 맞이하였고 평양공동선언을 정점으로 화해무드와 평화 분위기가 연일 지속되었다. 그와 함께 민화협도 북과의 교류행사가 준비되고 있다는 소식을 듣고 ‘우리도 북에 한번 가보겠구나’라는 실낱같은 희망을 움켜쥐고 있었다. 우수활동기자 10명의 금강산 방문이 최종 확정되던 날 밤, 나는 난생 처음으로 북한에 가보는 꿈을 꾸었다. 그 날 이후부터는 가보지도 않았던 금강산을 날마다 꿈에 그리며 밤마다 잠을 설치곤 했다.꿈에 그리던 북한 그리고 금강산집결시간은 11월 3일 5시 40분. 전날 미처 마무리하지 못한 일들을 정리하고 자리에 누우니 새벽 2시이다. 집결시간까지 도착하려면 2시간만 자고 일어나야하는데, 늦잠으로 꿈에 그리던 북한 금강산을 정말 꿈에서만 보고 끝나면 어떻게 하나라는 고민으로 잠을 설치다가 알람소리를 듣고 일어나 무사히 집결장소에 도착할 수 있었다. 상봉 인원 300명은 모두 8대의 버스에 나눠서 탑승하여 강원도 고성까지 이동을 하였다. 민화협 청년 기자들이 탄 버스는 6호차. 한국노총 관계자들과 함께였다.고성으로 가는 동안 받은 방북증. 통일 강의를 하면서 학생들에게 다른 나라들과 달리 여권이 아닌 통일부장관이 승인한 사람들에게만 발급되는 것이 방북증이라는 설명만 해줬지 실제로 내가 방북증을 접해본 것은 처음이라 얼떨떨하기도 하면서 내 사진과 신상이 담긴 방북증을 받으니 이제야 북을 방문한다는 것에 대한 실감이 나기 시작했다. 이 외에도 X-ray 검사가 되지 않는 북측의 세관절차 덕분에 일일이 손으로 소지품 목록을 적고, 질병 여부와 같은 다양한 서류를 적고 남북의 세관절차에 대한 설명을 듣다보니 어느덧 고성에 도착을 했다.11월 3일 오전 9시경. 북에는 휴대폰을 가져갈 수 없기에 지인들에게 마지막 통화를 하는 시간이 주어졌다. 내일이면 다시 연락을 하겠지만 다른 곳도 아닌 북에 들어가느라 잠시 동안 두절되어있는 그 시간이 가족들에게는 얼마나 길게 느껴질까라는 복잡한 생각에 무사히 돌아오겠다는 진심이 담긴 마지막 말을 남기며 DMZ를 향해가고 있었다. 이제는 실전이야DMZ 박물관과 통일전망대가 있는 고성은 안보교육과 같은 현장체험학습으로 많이 왔던 곳이었다. 실제로 올해 2월 고성 민통선부터 통일전망대까지 걸어서 방문했던 기억도 있는 만큼 민통선에 방문하는 것 자체에 대한 두려움은 크지 않았다. 하지만 늘 지나치기만 했던 동해선남북출입사무소에 멈춰 바라본 금강산 28Km라고 적혀있는 표지판을 향해 금강산으로 이동한 다는 것 그리고 출경장으로 향하여 출경절차를 밟는 과정을 실제로 경험한다는 것이 눈으로 보면서도 믿기지가 않았다. 실제로 개성을 갈 수 있는 도라산역 남북출입사무소를 방문하면 출경, 입경 절차를 가상으로 체험해볼 수 있는데, 실제 남측의 출경절차 또한 복잡하지 않았고, 방북증 하나로 모든 것이 해결되는 구조라서 손쉽게 출경절차를 밟을 수 있었다. 이와 함께 우리가 타고 가는 버스들도 이젠 번호판을 가리고 주황색 깃발로 남측 버스라는 것을 표시하고 북으로 향할 준비를 하고 있었다. 이제는 민통선이 아닌 군사분계선이다. 그 누구도 쉽게 넘어갈 수 없는 군사분계선을 넘어갔다. 가이드가 여기 군인이 남측의 마지막 군인이라고 했을 때, ‘이제 우리를 스스로 지켜야하는구나’라는 두려움이 앞서기 시작했다. 군사분계선을 지나 가로수의 모양이 바뀌고 논밭의 분위기가 달라진 것들이 보였지만 내 눈에 가장 먼저 들어와 가슴을 답답하게 만든 것은 바로 남에서 북으로 쭉 이어져있는 철길위에 굳게 닫혀있는 철문이었다. 이 후 처음 맞이하는 북한군인. 통일전망대에서나 판문점 먼발치에서나 보던 북한 군인이 실제 내 눈앞을 지나가다니. 이건 정말 말도 안 된다. 진짜 이게 현실인가라는 생각뿐이었다. 하지만 그 놀라움은 별것도 아니라는 듯이 우리는 북측 세관검사를 위해 검사소에 내려 북한 군인들을 직접 마주쳐서 지나가야만 했다. 어렴풋이 세어 본 북한군 다섯 명 정도와 그들이 타고 온 것으로 추정되는 지프차를 보는 순간 그들이 갑자기 저 차로 돌진하여 우리를 공격하는 것이 아닐까라는 두려움이 만들어내는 말도 안 되는 상상으로부터 오는 공포심에 몸을 덜덜 떨며 통행검사소 안으로 들어갔다.세관절차는 건강체크를 위해 체온을 측정하고 북한 군인이 통행검사소를 통과했다는 표시로 도장을 찍어주고 짐을 검사하는 것이 전부이다. 짐 검사는 가방을 열어 카메라를 확인하는 것이 주목적이었는데 내 앞에 사람은 필름카메라를 가져와서 반입이 되지 않았다. 나는 캐리어가 커서 그런지 캐리어를 열어 곳곳을 확인하여 당황스러웠지만 그래도 규격에 맞는 DSLR 카메라를 가져가서 무사히 반입이 되었다는 것에 기분이 좋았다. 금강산도 식후경이라는데남측과 북측 두 번의 세관검사를 모두 마쳤으니 이제 정말 금강산으로 향한다. 북측 통행검사소에서 금강산까지는 차량으로 15분정도의 시간이 소요된다. 금강산의 봉우리들을 감상하며 금강산 관광지구로 들어가는 길에 사진으로만 보던 김일성, 김정일 사진이 걸려있는 건물 옆을 지나간다. 감호역이라는 기차역인데 실제로 기차가 운행되는 역이라고 한다. 아마 남북 철도가 연결된다면 우리가 북에서 처음 만나는 역이 감호역이 아닐까라는 생각을 하며 점심식사 장소인 옥류동면옥으로 향했다. 예전에는 평양 옥류관 주방장들이 요리를 만들어 옥류관이라는 이름이 쓰였지만, 주방장들이 다시 평양으로 돌아가면서 옥류관이라는 이름 대신 옥류동면옥으로 이름이 바뀌었다는 사연이 담겨있는 옥류동면옥에 도착하자 가장 먼저 반겨주는 것은 바로 “반갑습니다” 노래와 함께 봉사원이라고 부르는 여성 종업원들의 미소였다. 그리고 식당 입구에서 가장 먼저 눈에 띄는 것은 바로 기념품 판매대. 다양한 종류의 탄산단물과 함께 가장 눈에 띄는 대동강맥주. 당장 구매하여 맛을 보고 싶었지만 먼저 식사가 준비된 자리로 향했다. 각 자리에는 면수로 보이는 메밀 차와 함께 삼색나물과 전병처럼 보이는 녹두지짐, 각종 양념 그리고 평양소주가 자리 잡고 있었다. 봉사원에게 물어보니 나물은 실제 금강산에서 나오는 백도라지와 고사리 등으로 만들어진 것이라고 하였으며 녹두지짐은 하얀 양념을 찍어 먹고, 간장양념은 냉면에 넣어먹는 것이라고 친절히 설명해주었다. 평양소주와 함께 나물과 지짐을 먹고 있으니 곧바로 랭면이 나왔다. 메밀 면 위에 닭고기, 소고기 그리고 무와 오이, 계란이 고명으로 오른 랭면의 모습은 평양의 옥류관 냉면만큼 먹음직스러워보였다. 국물을 먼저 마시고 지난 평양 정상회담 당시 옥류관에서 김정은이 설명하였던 것처럼 면에 식초를 뿌린 후 겨자와 양념을 적당히 섞어 먹어보니 여태 대한민국에서 먹어본 평양냉면은 가짜였다는 것을 새삼 실감할 수 있었다. 이렇게 감칠맛 나는 랭면으로 맛있는 점심식사를 마친 후 기념품을 구입 한 후 금강산 호텔이 숙소인 다른 호수 인원들과 달리 6호차 인원만의 숙소인 외금강 호텔로 이동하였다.   특정 그림 앞에만 가면 긴장하는 호텔 직원들호텔에 들어가니 호텔 봉사원들이 우리를 열렬히 환영해주었다. 숙소는 트윈베드의 2인실이었으며 LG라는 표시를 가리고 전원버튼 외에는 채널 변경이 어렵도록 조치를 취한 TV 하나와 에어컨이 있었으며 욕실에는 조그맣게 샴푸, 린스. 몸물비누(바디워시), 치약, 칫솔, 빗이 갖춰져 있었다. 1층 로비에는 한시적으로 영업하는 기념품 판매대와 각종 술과 음료를 파는 라운지 바도 자리 잡고 있었다. 외금강 호텔 밖에서 정면으로 바라보았을 때 보이는 바위에는 ‘주체’라는 글자가 크게 새겨져 있다. 그리고 호텔에서 3분정도 걸어가면 그림하나가 전시되어 있다. 바로 김일성의 부인이자 김정일의 어머니인 김정숙 사진이다. 기자단 친구들과 함께 그 앞에서 사진을 찍으려고 다가가니 눈 깜짝할 새에 호텔직원들이 함께 이동하여 우리가 어떤 사진을 찍는지 긴장한 채로 관찰하고 있었다. 북에서는 김씨 3대 부자들 그리고 관련 인물들이 담겨지는 사진을 굉장히 조심해서 찍어야하는데, 특히 그림이 아웃 포커싱이 되거나 인물 또는 동상이나 그림의 일부가 잘려서 찍으면 안 되기에 우리가 사진을 어떻게 찍는가를 확인하기 위해 온 것이다. 이런 상황에서 그림을 배경으로 사진을 남길 수 있는 좋은 방법은 바로 호텔직원에게 사진을 찍어달라고 하는 것. 우리가 찍는 것 보다 호텔 직원이 찍어주는 경우 사진이 문제가 될 일도 없을뿐더러 좋은 사진을 남길 수가 있다. 이렇게 외금강 호텔의 주변을 간단히 둘러본 후 우리는 민화협 공식 행사가 진행되는 금강산 호텔로 장소를 이동하였다. 북한도 사람 사는 곳이구나공식 행사가 진행되는 금강산 호텔도 외금강 호텔처럼 3분정도 떨어진 곳에 김일성, 김정일 부자가 그려져 있는 그림이 전시되어 있는 것을 볼 수 있다. 금강산 호텔의 외부는 외금강 호텔보다는 낡아보였지만 내부에 들어갔을 땐 그런 느낌은 찾아볼 수 없었다. 1층에는 붉은 백두산 그림이 우리를 반겨주고 왼편으로 기념품 판매대가 있었다. 가격은 옥류동면옥 판매대보다 훨씬 비싼 가격이었는데, 옥류동 면옥에서 판매하지 않는 북한 과자들과 예술작품들이 다양하게 있어 많은 사람들이 구매하는 모습을 볼 수 있었다. 행사는 2층에서 진행되었다. “판문점 선언과 9월 평양공동선언 이행을 위한 북남 민화협 련대모임”이라는 현수막과 함께 많은 사람들이 북적이고 있었다. 남북을 구분하기 위해서는 남측 인원이 착용한 민화협 한반도 배지, 그리고 북측 인원이 착용한 빨간 배지를 통해 확인 할 수 있었다. 평소 북한사람들에 대한 생각은 좌석 배치의 경우에도 앞에서부터 차례대로 앉는 등 조직적이고 단합적인 모습이 많이 보일 줄 알았는데, 이게 웬걸. 북한 사람들도 자기들이 앉고 싶은 곳에 앉아 앞으로 이동해달라는 요청에도 들은 체도 하지 않아 중간 중간 자리가 비어있는 것을 보고는 ‘북한도 그냥 사람 사는 곳이구나’라는 것을 느꼈다(계속). 이으뜸 서강대학교일반대학원 정치외교학과 석사과정▶ 동아일보 단독 / 우아한 : 우리 아이들의 & 아름다운 한반도▶ 동아일보 채널 구독하고, 아이폰XS 받자!ⓒ 동아일보 & donga.com, 무단 전재 및 재배포 금지		"
16,2018.11.02. 오전 11:40,확실한 소확행 '험블' 레스토랑 베스트5,"			[식신 맛집탐방] 조용한 분위기, 신선한 요리 특징(지디넷코리아=안병익  식신(주) 대표이사)편안한 분위기 속에서식사를 즐기는 '험블 레스토랑'이 떠오르고 있다.몇 년 전 프랑스 파리에서 비스트로노미(Bistronomie) 열풍을 시작으로 레스토랑계의 새로운 트렌드로 자리 잡았다. 우아하게 코스 요리를 즐기는 파인다이닝(Fine-dining)에 비하여 소박하고 격식이 없는 것이 특징이다.서울 곳곳에는 가볍게 즐기기 좋은 험블 레스토랑이 자리잡고 있다. 1인 주방으로 조용하게 운영하는 곳부터 유명 셰프들이 선보이는 음식을 맛볼 수 있는 레스토랑까지. 부담 없이 방문하기 좋은 험블 레스토랑 베스트 5를 소개한다.■ 싱싱한 재료로 선보이는 신선한 요리, 신사역 '솔트'신사역 솔트(인스타그램ID_i.do.eats)'솔트'는 홍신애 요리 연구가가 운영하는 자그마한 규모의 이탈리안 레스토랑이다. 전국 각지에서 공수한 신선한 제철 식재료를 사용하여 계절마다 다른 메뉴를 선보인다. 대표 메뉴는 은은한 마늘 향이 느껴지는 오일 소스가 어우러진 면 위로 큼직한 고등어를 올려낸 '고등어 파스타'.고등어는 생물을 사용하여 비린내가 잡아내고, 부드러운 식감을 살려내 요리한다. 올리브 오일에 구워낸 가지에 페타 치즈와 민트를 올려 한입에 즐기는 '구운 가지와 페타치즈'도 인기 메뉴. 담백한 가지의 맛에 짭짤한 치즈가 간을 더하고 향긋한 민트가 끝 맛을 개운하게 마무리한다.▲위치: 서울 강남구 강남대로158길 9 ▲영업시간: 매일 11:30 - 21:30, B/T 14:00 - 18:00 ▲가격: 고등어 파스타 2만3천900원, 구운 가지와 페타치즈 1만9천900원 ▲후기(식신 후스콜미101): 이탈리아 요리가 부담 없이 먹기에 훌륭한 것 같아요. 와인 마시기 좋은 곳입니다.■ 눈을 사로잡는 독특한 비주얼, 연남동 '윤성용레스토랑'윤성용레스토랑(인스타그램ID_papidoll)연남동 한적한 골목에 자리 잡은 '윤성용레스토랑'. 이탈리아 국립 피자 학교 출신 사장님이 선보이는 피자를 맛볼 수 있는 곳이다. 대표 메뉴'엑스엘 피자'는 피자 반죽 안에 고르곤졸라 크림소스와 살라미, 꿀을 넣고 반으로 덮은 후 구워 제공한다. 쫄깃한 피자 도우와 고르곤졸라 소스의 진한 풍미의 조화가 일품이다.바삭하게 튀긴 닭고기 위에 채소둥지를 올려 독특한 비주얼을 뽐내는 '윤성용 특선 둥지 샐러드'도 인기 메뉴. 새콤달콤한 만다린 드레싱이 입맛을 돋우기 좋아 식전에 즐겨 찾는다. 평일에만 브레이크 타임이 있으니 방문 시 주의할 것.▲위치: 서울 마포구 연남로1길 22▲영업시간: 매일 11:30 - 21:30, B/T(평일) 15:00 - 17:00, 월요일 휴무 ▲가격: 스트립 관자 파스타 1만5천원, 엑스엘 피자 1만5천원, 윤성용 특선 둥지샐러드 1만2천원 ▲후기(식신 한가한가해): 오픈한지 얼마 안 되었지만 주말이면 대기 줄이 어마어마 했던 레스토랑으로 골목 안쪽에 불리한 위치임에도 불구하고 맛만 보고 다시 찾는 손님들이 많은 것 같다. 이탈리아 피자 학교 출신 요리사답게 피자 맛이 아주 훌륭했던 편이에요.■ 쫄깃한 생면의 매력, 신사역 '가티'신사역 가티(인스타그램ID___quotidien)'가티'는 남성렬 셰프가 오너 셰프로 있는 캐주얼 이탈리안 한식 레스토랑이다. 한국식 식재료를 이탈리안 레시피에 접목시킨 다양한 음식을 만나볼 수 있다. 대표 메뉴는 오징어 먹물로 색을 입힌 거뭇한 링귀니 면 위에 관자와 저염 명란 구이를 올려낸 '저염 명란 관자 생면 파스타'. 파스타의 소스는 기호에 따라 크림, 오일 중에 선택할 수 있다. 부드러우면서도 탄성이 느껴지는 생면과 쫄깃한 관자 살이 씹는 재미를 더한다.불고기 양념으로 숙성시킨 한우구이와 청양고추로 맛을 낸 '한우 청양고추 리조또'도 인기 메뉴. 자칫 느끼할 수 있는 크림소스의 느끼함을 매콤한 청양고추가 잡아주며 조화를 이룬다.▲위치: 서울 강남구 도산대로1길 24 ▲영업시간: 매일 11:30 - 22:00, B/T 15:00 - 18:00, 월요일 휴무 ▲가격: 저염 명란관자 생면 파스타 2만6천원, 한우 청양고추 리조또 3만8천원 ▲후기(식신 맛있는추석): 남자친구랑 같이 데이트하러 다녀왔어요. 가격대비 음식 퀄리티도 너무 좋았고 입맛 까다로운 남자 친구도 맛있다고 하네요. 조만간 또 방문할 것 같아요.■ 몽글몽글 두툼한 오믈렛, 한남동 '알프키친'한남동 알프키진((식신 컨텐츠팀)오픈 시간부터 만석이 될 정도로 많은 인기를 자랑하는 '알프키친'. 아담한 매장 내부 곳곳에 놓인 인테리어 소품들이 아기자기한 분위기를 자아낸다. 대표 메뉴 '버터밀크 오믈렛 라이스'는 굴 소스로 볶은 갈릭쉬림프 볶음밥 위에 두툼한 버터밀크 오믈렛을 곁들인다. 노란 색감이 눈길을 사로잡는 오믈렛은 은은한 버터의 풍미와 몽글몽글한 식감이 매력적이다.모시조개, 바지락으로 시원한 맛을 내고 페퍼론치노를 넣어 매콤하게 마무리한 '봉골레 파스타도 인기 메뉴. 1인 주방으로 운영하고 있어 조리 시간이 긴 편이므로 여유 있게 방문하는 것을 추천한다.▲위치: 서울 용산구 독서당로34길 16▲영업시간: 매일 12:00 - 22:00, B/T 15:00 - 17:30, 월요일 휴무 ▲가격: 버터밀크 오믈렛 라이스 1만6천원, 봉골레 파스타 1만8천원 ▲후기(식신 딸기95): 친구가 여기 오믈렛 맛집이라고 해서 잔뜩 기대하고 갔어요. 한입 먹자마자 지금까지 제가 먹어왔던 오믈렛 라이스랑 전혀 다른 맛! 완전 신세계였어요. 집만 가까웠으면 매일 갔을 것 같아요.■ 입안 가득 느껴지는 바다내음, 청담동 '청담만옥'청담동 청담만옥(인스타그램ID_ahn0wook)'청담만옥'은 장진우, 조용재 셰프와 푸드 디렉터 서고은이 '한식의 맛을 전 세계로 널리 알리자'라는 목적으로 문을 연 한식주점이다. 청주, 소주, 위스키, 샴페인, 와인 등 80여 가지가 넘는 다양한 주류를 즐길 수 있어 애주가들의 성지로 떠오르고 있다. 대표 메뉴는 성게알과 연어알, 청어알, 날치알을 한 번에 맛볼 수 있는 '성게알알알'. 감태, 곱창김, 미역이 함께 준비되며 취향에 맞게 알과 소스를 곁들여 싸 먹으면 된다.씹을수록 입 안 가득 퍼지는 진한 바다내음과 톡톡 터지는 식감의 조화가 일품이다. 1, 2층의 넓은 규모의 공간으로 이루어져 있어 회식이나 모임을 갖기에도 좋다.▲위치: 서울 강남구 언주로152길 13 ▲영업시간: 매일 12:00 - 02:00, B/T 15:00 - 17:00▲가격: 성게알알알 5만5천원, 낙곱전골 3만8천원, 여수 돌문어숙회 4민원 ▲후기(식신 1초라도안보이면): 술집인 듯 술집 아닌 듯 분위기가 너무 좋아요. 친구들이랑 좋은 곳에서 술 마시고 싶을 때 가기 좋은 곳. 안주 재료도 신선해서 술이 술술 들어가네요.안병익  식신(주) 대표이사(biahn99@siksinhot.com)  ▶ 네이버 채널에서 ‘지디넷코리아’를 구독해주세요 "
17,2018.11.24. 오전 11:00,억만장자 빌 게이츠와 리처드 브랜슨은 왜 인공고기 사업에 투자했나,"게티이미지뱅크 제공억만장자인 미국 마이크로소프트(MS) 창업자 빌 게이츠와 영국 버진그룹의 리처드 브랜슨 회장은 공통점이 하나 있다. 실험실에서 키운 ‘인공고기(Lab-grown meat)’가 인류의 미래 먹거리가 될 것이라고 생각한다는 점이다. 이들은 지난해 미국의 인공고기 스타트업인 ‘멤피스 미트(Memphis Meats)’에 거액을 투자했다.소 87만3000마리, 돼지 1672만8000마리, 닭 9억3602만 마리, 오리 4610만1000마리. 2017년 한 해 국내에서 도축된 가축 수다. 경제협력개발기구(OECD)에 따르면 우리나라의 1인당 연간 육류 소비량은 2016년 52.5kg에서 2017년 55.89kg으로 늘었다. 육류 소비량은 한국뿐 아니라 세계적으로 늘어나는 추세다. 유엔식량농업기구(FAO) 보고서에 따르면 세계 인구는 현재 74억 명에서 2050년 97억 명으로 증가하고, 아울러 연간 육류 소비량도 지금보다 70% 이상 늘 것으로 예상된다. 해마다 증가하는 육류 소비량은 전세계적인 문제로 대두하고 있다. 게티이미지뱅크  육류 소비량을 충족하기 위해서는 가축 수를 늘려야 하고, 가축에게 먹일 사료를 재배하기 위해 나무를 베고 경작지를 늘려야 한다. 이에 따라 사료용 곡물 가격은 오르고, 덩달아 육류의 가격도 오르게 된다. 녹지도 줄어들어 온실가스 배출량은 77% 증가한다. 정초록 한국생명공학연구원 줄기세포연구센터 책임연구원은 “가축 수가 증가하면서 국내의 경우 과도하게 밀집된 환경에서 사육하는 경우가 많은데, 이 때문에 구제역이나 조류독감 등이 발생한다”며 “축산 환경을 개선하는 것만으로는 한계가 있고, 근본적으로 육류 소비를 줄여야 한다”고 말했다.  가축 없이 고기 만드는 조직 배양 기술‘인공고기’는 그 대안 중 하나다. 인공고기는 보통 가축을 사육하지 않고, 실험실에서 세포공학기술을 이용해 살아 있는 동물세포를 배양해 얻는 식용 고기를 의미한다. 배양육에 대한 아이디어가 나온 지는 한참 됐다. 영국 총리를 지낸 윈스턴 처칠은 1932년 50년 뒤의 세계(Fifty Years Hence)’라는 책에서 “50년 뒤에는 닭의 가슴살이나 날개만을 먹기 위해 닭을 기르지 않아도 될 것이다. 대신 우리는 적절한 조건에서 닭의 한 부위만 별도로 배양할 수 있는 능력을 가지게 될 것”이라고 언급했다.배양육은 현재의 육류 소비의 문제점과 미래의 식량 부족에 대한 우려를 동시에 해결할 수 있는 방법이다. 우선 생명을 죽이지 않아도 될 뿐만 아니라 가축을 기르는 데 들어가는 물과 식량을 대폭 줄일 수 있다. 한나 투오미스토 핀란드 헬싱키대 농업과학부 교수는 배양육으로 기존 축산업과 같은 양의 고기를 생산할 경우, 토지 사용량이 1%로, 물 사용량이 2%로 줄어든다는 연구결과를 2010년 발표했다. 우마 발레티 멤피스 미트 최고경영자(CEO)는 “축산업으로 발생하는 지구의 온실가스를 10%로 줄일 수 있다”고 주장했다.배양육은 조직 배양 기술이 발전하면서 점차 현실이 되고 있다. 1999년 ‘배양육의 대부’로 불리던 고(故)빌렘 반 엘런 네덜란드 암스테르담대 교수가 배양육에 관한 이론적 연구로 국제 특허를 획득한 뒤, 2002년에는 금붕어에서 유래한 근육 조직을 실험실의 페트리 접시에서 배양시키는 데 성공했다.이후 학계에서는 배양육에 대한 관심이 높아졌고, 세계적으로 배양육 연구가 하나 둘 시작됐다. 그리고 이 시기 미국의 비영리단체인 ‘뉴하비스트’가 큰 역할을 했다. 뉴하비스트는 생명공학 기술과 식품학이 결합된 분야인 ‘세포 농업’을 본격적으로 시작했다. 조직 배양 기술은 의학과 생물학에서 먼저 발전했는데, 뉴하비스트가 이 기술을 식품학의 영역으로 전파하는 연결고리 역할을 한 것이다. 뉴하비스트는 세포 배양을 통해 젖소 없이 우유를, 닭 없이 계란을, 가축 없이 고기를 만드는 연구를 지원했다. 콘퍼런스를 개최하고, 생명공학과 식품학 전문가, 기업가, 정부 관계자들을 서로 연결시켰다. 세포 농업 분야는 점차 커져 2012년 전 세계 30개 연구실에서 배양육 연구가 진행됐다.  근관세포 키워 근육조직 만들어 배양육 연구에 방점을 찍은 것은 마크 포스트 네덜란드 마스트리흐트대 혈관생리학과 교수다. 포스트 교수는 2013년 런던에서 열린 학회에서 소의 줄기세포로 근육조직을 배양해 세계 최초로 실험실 배양 햄버거를 만든 뒤 시식까지 했다. 포스트 교수팀이 배양육을 만든 과정은 이렇다. 우선 소의 조직 일부를 떼어내 근육조직만 골라 얻는다. 근육조직은 근육세포와 지방세포로 이뤄져 있는데, 이중 근육줄기세포만 다시 추출해낸다. 이렇게 얻은 근육줄기세포는 배지 위에서 계속 분열하는 동시에 자기들끼리 뭉쳐서 길이 0.3㎜의 관 모양으로 자란다. 이를 ‘근관세포(myotube)’라고 한다. 연구팀은 0.3㎜에 불과한 근관세포들을 여러 개 모아 더 큰 근육조직으로 만들기 위해 다시 배양했다. 하지만 수축을 통해 성장하는 근관세포들을 배지 위에 늘어놓는 것만으로는 수축이 제대로 이뤄지지 않았다. 연구팀은 실험을 통해 근관세포가 휘어있는 형태일 때 수축이 가장 잘 이뤄진다는 사실을 알아냈고, 이를 토대로 배지 가운데 원형 관을 만들어 이 주위로 근관세포를 키웠다. 그 결과 근관세포들이 점점 수축하면서 도넛 모양의 근육조직 하나가 완성됐다. 이렇게 완성된 근육조직이 100경(1016) 개 가량 모이면 햄버거 패티가 한 장 만들어진다.포스트 교수는 배양육을 실제 음식으로 보여주면서 신선한 충격을 선사했고, 이후 배양육은 더욱 촉망받는 산업으로 떠올랐다. 포스트 교수는 배양육 상업화를 위해 스타트업인 ‘모사 미트(Mosa Meat)’를 세웠고, 최근 글로벌 제약회사인 독일의 머크와 스위스 벨푸드그룹으로부터 880만 달러(약 100억 원)의 투자를 유치했다. 지난해 멤피스 미트가 빌 게이츠로부터 유치한 금액은 1700만 달러(약 192억 원)에 이른다. 멤피스 미트는 2016년 1월 소고기 배양육으로 미트볼을 만들고, 2017년 3월 세계 최초로 닭고기와 오리고기 배양육을 개발했다. 햄버거 패티 한 장에 3억3800만원 배양육을 연구하는 미국 스타트업 ′멤피스 미트′에서 2016년 배양육으로 만든 미트볼을 공개했다. 이 미트볼을 만드는 데 1000달러(약 113만 원)가 들었다. 최근 생산비용이 많이 낮아졌지만 상용화를 위해선 비용을 더 낮추고 대량생산이 가능해야 한다. 멤피스 미트 제공  배양육은 스포트라이트를 받고 있지만 상용화까지는 해결해야 할 문제가 있다. 가장 큰 문제는 비용이다. 포스트 교수가 연구결과를 발표할 당시 패티 한 장을 만드는데 무려 30만 달러(약 3억3800만 원)가량이 들었다. 근육세포 배양에 필요한 배지가 매우 고가이기 때문이다. 다만 배양 기술이 발전하면서 배양에 들어가는 비용은 차츰 낮아지고 있다. 멤피스 미트는 현재 1파운드(약 450g)의 배양육을 만드는 생산비용을 2400달러(약 270만 원) 수준으로 낮췄으며, 최종적으로는 5달러(약 5630원) 이하로 줄이는 것이 목표다.대량생산 문제도 해결해야 한다. 포스트 교수가 패티 한 장을 만드는 데에는 수개월이 걸렸다. 그는 이 문제를 해결하기 위해 근육세포를 더 작은 공간에서 더 크게 키우기 위한 방법으로 평면이 아닌 공 모양의 배지를 제안하기도 했다. 공 모양이 공간 대비 표면적이 다른 구조에 비해 넓기 때문이다. 하지만 이 또한 세포 성장을 위해 일일이 지지체가 필요하다는 점에서 대량 생산의 걸림돌이 된다. 정 책임연구원은 “지지체를 사용해서 배양하는 ‘부착세포배양’ 방식 대신, 통 안에 배지를 채우고 대량의 근육세포를 넣어 지지체 없이 배양하는 ‘부유세포배양’ 방식을 사용해야 대량생산과 고비용 문제를 해결할 수 있을 것”이라며 “근육세포는 목표량과 배지 조성 방법 등에서 일반 미생물 배양과 다르기 때문에 가장 최적화된 방법을 찾고 있는 상황”이라고 말했다.정 책임연구원은 또 “(모사 미트, 멤피스 미트 같은) 해외 기업들은 현재 실험실 수준을 넘어 대량 생산에 조금 못 미치는 수준까지 도달했다”며 “이르면 2021년, 늦어도 2025년에는 시중에서 배양육을 만나볼 수 있을 것”이라고 전망했다.관련기사 : 과학동아 2018년 11월호, 오늘 점심은 인공고기 햄버거? [서동준 기자 ipf2002@donga.com]"
18,2018.11.05. 오전 10:10,"무한리필 ‘두끼’, 세계라면 코너 선보일 예정","세계인스턴트라면협회(WINA)에 따르면, 지난해 1인당 하면 소비량이 가장 많은 국가 1위는 한국이었다. 한국은 1인당 연간 73.7개의 라면을 먹는 것으로 나타났다. 과거 먹을 것이 부족했던 시기 저렴한 가격으로 배를 불릴 수 있었던 라면이 이제는 기호 식품으로 거듭나 끊임없는 전성기를 누리고 있는 것이다.국내 라면이 해외에서 인기를 얻어 세계로 뻗어나가면서, 국내 ‘라면 매니아’들을 위해 역으로 세계의 다양한 라면을 도입하는 프랜차이즈 브랜드가 있다. 바로 즉석떡볶이 무한리필 뷔페 ‘두끼’이다.두끼는 내년 1월 1일부터 본격적으로 매장 컨디션 업그레이드 및 가격 인상과 더불어 ‘세계 라면’ 코너를 셀프바에 추가할 예정이다. 기존에 있던 한국 라면은 물론 태국, 베트남, 인도네시아 등 각국의 다양한 라면을 맛볼 수 있도록 준비 중이다.두끼 관계자는 “태국의 똠얌라면, 베트남의 쌀국수맛 라면, 인도네시아의 미고랭 라면 등 두끼가 진출한 나라를 기반으로 점차 더 많은 나라의 인스턴트 누들 요리를 두끼 매장에서 만나볼 수 있도록 하겠다”고 전했다.세계에서 가장 유명한 인도네시아의 인스턴트라면 ‘인도미’를 만나볼 수 있다는 점이 흥미롭다. 1인당 라면 소비량은 세계 3위이지만 총 소비량을 따지면 2016년 중국에 이어 세계 2위를 기록한 나라다. 두끼에서는 인도미의 대표 상품인 ‘미고랭 라면’과 ‘소토미맛 라면’을 맛볼 수 있다.그 외에도 ‘베트남 여행 쇼핑리스트’에 자주 오르는 ‘비폰 포보 쇠고기맛 쌀국수 라면’, ‘비폰 포가 닭고기맛 쌀국수 라면’도 비치되어 있다. 태국에서 인기 있는 라면 브랜드 ‘마마’의 라면도 3종류 비치되어 있다. 태국의 전통 음식인 똠얌꿍 맛 라면도 즐길 수 있다.자칫 낯설 수 있는 세계 라면을 고객들이 즐길 수 있도록 하기 위해 각 라면에 대한 설명과 맛있게 먹는 법을 안내하는 등 ‘세계 라면’을 본격적으로 도입하기 전 계속해서 논의를 거듭하고 있다. 두끼 측은 “세계 라면 뿐 아니라 앞으로도 고객들이 새로운 맛을 부담없이 즐길 수 있도록 새로운 메뉴를 꾸준히 도전할 예정”이라고 말했다.디지털기획팀 이세연 lovok@kmib.co.kr[네이버 메인에서 채널 구독하기] [페이스북][취재대행소 왱!(클릭)]GoodNews paper ⓒ 국민일보(www.kmib.co.kr), 무단전재 및 재배포금지"
19,2018.11.12. 오전 10:44,[현문학 기자의 돈되는 중국경제]570만 외식업체 밥그릇 전쟁의 최후 승자,‘먹는 것을 하늘로 여긴다(民以食为天)’는 속담에 걸맞게 중국에는 식당기업이 570만개나 된다. 2800만개 중소기업 가운데 20% 가량이 먹는장사에 뛰어든 셈이다. 그런데 아이러니컬하게도 제일 잘나가는 중국 음식점은 미국에 있다. 미국 47개주를 비롯해 전 세계에 2000개 체인점을 거느린 판다익스프레스(熊猫快餐)다.연간 매출도 130억 위안(약 2조5000억 원)으로 가장 많다. 점포가 3일에 하나 꼴로 늘어날 정도로 인기를 끌고 있지만 정작 중국 대륙엔 분점이 하나도 없다. 창업자는 앤드류 청(程正昌)이다. 부친은 장제스(蒋介石) 타이완 전 총통의 주방장 출신이다. 미국서 석사학위를 마친 청 사장은 부친의 가업을 이어 창업을 결심한다. 가족과 친지들로부터 6만 달러의 창업 자금을 모아 ‘쥐펑위엔(聚丰园)’이란 식당을 연 게 지난 1973년의 일이다. 부모에게 주방을 맡기고 자신은 경리를 보는 전형적인 중국식 가족 경영식당인 셈이다. 그런데 미국 내에서 중국 식당을 운영하는 다른 화교들과 달리 그는 미국인을 목표 고객으로 삼는다. 수가 적은 현지 중국사람 보다 많은 미국인을 대상으로 해야 사업을 크게 키울 수 있다는 생각에서다. 쥐펑위엔 식당을 두 개 개점하고 나서 청 사장은 바로 켈리포니아주의 한 상가에 패스트푸드점을 연다. 바로 1983년 미국에 첫 선을 보인 판다익스프레스다. 체인점을 9개로 늘리는 데는 2년이 걸린다. 미국인들에게 인기를 끌면서 1997년에는 점포가 254개로 늘어난다. 매출도 1억7800만 달러로 늘어나자 매출 10억 달러 돌파를 목표로 정한다. 2010년에 10억달러를 돌파한 매출은 현재 20억 달러까지 올라간다. 물론 미국 내에서는 가장 알아주는 식당이지만 중국인들 사이에서는 반응이 그저 그렇다. 중국 정통 음식이 아니라는 이유에서다. 판다 익스프레스의 메뉴는 베이징과 쓰촨 음식을 위주로 한다. 10개 기본메뉴에 두 가지 정도 신선한 메뉴를 추가하는 원칙을 지키고 있다. 달면서 시고 메운 맛의 오렌지 치킨이 전체 매출의 대표음식인데 전체 매출의 30%를 차지할 정도다. 많은 중국 음식 종류를 소화하기보다는 메뉴를 줄이고 대신 손수 만드는 방식을 택한 게 인기 비결이다. 육류는 닭고기와 소고기 두 종류다. 원재료도 주방 면적을 최소화하기 위해 공급업체에서 다듬어서 납품하도록 한다. 손님들의 취향을 분석하는 데는 컴퓨터를 전공한 부인의 도움이 크다. 직접 고안한 빅데이터 시스템으로 2000개 넘는 체인점을 관리한다. 2011년 멕시코를 시작으로 전 세계에 진출하지만 중국만은 예외다. 중국에 점포를 내지 않는 이유는 품질 관리를 하기 힘들기 때문이다. 외형상 중국식당인 팬더 익스프레스는 미국서 성공을 거두고 미국 패스트푸드점인 맥도널드와 KFC도 중국서 2000여개의 점포를 내며 성공을 거둔 것처럼 보인다. 그러나 속을 들여다보면 중국인의 밥상을 노리고 현지에 진출한 맥도널드와 KFC 피자헛 등 미국 업체의 경우 경영환경 악화와 소비자의 견제 등으로 고통을 더 겪고 있는 것으로 보인다. 중국 음식점 업계의 스타로 떠오른 샤브샤브 체인점인 하이디라오(海底捞)의 경우 창업자 장융이 싱가포르로 국적을 바꿨을 정도다. 얼마 전 홍콩 증시 상장에 성공하며 시가 총액 974억 위안을 기록한 직후다. 기다리는 손님에게 구두를 닦아 주는 등 다양한 서비스로 유명한 하이디라오에는 하루 평균 1400명의 손님이 몰린다. 점포당 하루 매출은 10만 위안(약 1700만 원) 에서 13만 위안 사이다. 연간 실적으로 따지면 점포당 4000만 위안을 버는 셈이고 전체 매출로는 110억위안 규모다.가맹 점포 수도 지난해 273개에서 올 9월말 현재 363개로 급격하게 늘어난다. 이런 추세라면 연말까지 180여개 정도 더 늘어날 전망이고 매출도 팬더익스프레스를 웃돌 수도 있다. 충칭에서 지난 1994년 4인 탁자 하나로 창업한 장 사장은 중국내에서는 체인사업 교과서로 통한다. 물론 그동안 육수파동부터 각종 언론 고발까지 험난한 과정을 거친 끝에 싱가포르 기업으로 국적을 바꾸기에 이른다. 하이디라오까지 체인점 성공신화를 쓰자 식당업계의 서비스 경쟁도 치열해진다.중국의 대표기업인인 알리바바 그룹의 마윈(马云)회장까지 나서 허마센성(盒马鲜生)이란 해산물 식당 체인점을 만든다. 허마센성 상하이진차오(上海金桥)점은 출범 하자마자 하루 매출이 100만 위안에 이를 정도로 인기다. 연간으로 따지면 3억 위안 점포를 베이징(北京)에서만 올해 안에 30개 더 만들겠다고 공언한 상태다. 물론 베이징을 시작으로 선전(深圳) 항저우(杭州) 난징(南京)에도 체인점이 들어선다. 이미 비슷한 업종인 차오지우중(超级物种)이나 징둥성센(京东生鲜)등 해산물 체인점과의 경쟁도 치열하다. 대기업까지 뛰어 들자 중국 전역의 랍스타를 비롯한 해산물 가격도 천정부지다. 랍스타발전보고서에 따르면 중국 랍스타 연간 수요량은 190만 톤이다. 식당에서 140만 톤 쓰고 가공용으로 50만 톤이 필요한데 공급은 90만 톤으로 100만 톤이 부족한 상태다. 수입으로 충당하지 못한 만큼 가격이 오르는 구조다보니 현재 킬로그램 당 120위안 수준이다. 미국과의 무역전에 절치부심하던 중국정부가 비장의 카드로 상하이 국제수입박람회를 지난주에 열자 중국인의 밥상을 장악하려고 전 세계 1000개 식품 기업이 상하이로 몰려간 배경이다. 중국의 식품 수입비중은 68%다. 육류의 경우 지난해 388만 톤을 수입한다. 95억 달러어치로 전년대비 23% 늘어난 수치다. 전년대비 36% 수입을 늘린 유제품도 60개국에서 93억 달러 어치를 수입한다. 2008년 이후 10년 간 평균 증가율이 21.5%다.올해 첫 상하이 국제수입박람회장도 식품수입관이 가장 붐빈다. 전 세계 1000개 기업이 4000여 품목을 선보이며 중국서 주문을 받아냈기 때문이다. 이중에서도 스페인 하몽을 비롯해 싱가포르 볶음면 일본의 간장아이스크림 홍콩의 우유냉차 러시아 초콜렛 등 중국에 첫 선을 보인 제품이 인기를 끈다. 특히 중국시장과 지근거리에 있는 우리나라 기업들에게도 많은 시사점을 주는 대목이다. [현문학기자]		
20,2018.11.01. 오전 11:15, [ESC] ‘착한 치킨’의 허와 실  ,"			 [한겨레] 김태권의 고기고기 여행김태권 그림.   아이에게 요즘 이런저런 말을 가르칩니다. 그런데 “착한 아이가 되어야지”라고는 쉽게 말하지 못하겠어요. 착하다는 것은 무슨 뜻일까요? 잘 모르겠어요. 나부터 모르는데 뭐라고 가르칠까요.  예를 들어 “치킨이 착하다”라는 말은 무슨 뜻일까요? 한때 우리는 싸고 양 많은 치킨을 “착한 치킨”이라고 불렀어요. 비싼 치킨전문점을 악당 취급하는 사람도 있었죠. 돈을 적게 내고 많은 고기를 뜯는 것을 선량한 시민의 정당한 권리처럼 생각했던 것 같아요. 하지만 “착하다”란 “값이 싸다”라는 뜻일까요? 이것으로 충분할지요?  소비자가 쓰는 돈을 줄일 때 중간 누군가는 제값을 받지 못할 가능성이 큽니다. 이른바 ‘후려치고 쥐어짜는 구조’라는 거죠. 저는 비슷한 품질이면 싼값을 선택하는 소비자를 탓할 생각은 없어요. ‘갑질 논란’을 빚는 프랜차이즈의 회장과 일가친척을 위해 변명할 생각은 더욱더 없고요. 하지만 가맹점주나 배달원을 비난하는 글은 마음이 불편하더라고요. 유통가격을 내리기 위해 가맹점은 한 마리라도 더 팔아야 하고, 시간에 쫓기는 배달원은 목숨을 겁니다. 지금처럼 벌금을 물리기 전에는 헬멧도 쓰지 않고 오토바이를 타고 달렸지요. 생산원가를 내리기 위해 양계 농가가 짊어지는 피 말리는 부담에 대해서는 일전에 <대한민국 치킨전>을 인용하며 글을 쓴 적 있습니다.  비용을 낮추는 일, 닭에게 못 할 짓이기도 합니다. 동물권에 대해 찬성하건 반대하건, 공장식 축산으로 닭 키우는 방식을 보고 들은 사람이라면 닭고기 먹을 때 마음이 편치는 않을 겁니다. 육계 대부분은 비좁은 곳에서 스무하루를 살고 도살됩니다. 산란계는 서로 쪼지 말라고 부리가 썩둑 잘립니다. 조류인플루엔자가 돌면 구덩이에 떼로 파묻히고요.  사정이 이러하니 가격이 싸다고 ‘착한 치킨’이라 말하기 불편합니다. 그럼 동물 학대를 하지 않고 닭을 키운다면? 소비자가 돈을 더 내더라도 생산자에게 제값을 준다면? 이른바 ‘윤리적 소비’가 나온 배경이죠. 게다가 시간을 주고 운동을 시키며 키운 닭은 스무하루만 키운 공장식 닭보다 살코기 맛도 좋습니다. 그런데 이것으로 충분할지요?  옛날에 닭은 사위가 인사 오면 잡아주는 귀한 고기였죠. 돼지는 마을 잔치 때나 먹던 고기였고요. 달걀프라이도 좀 산다는 집에서나 먹는 반찬이었죠. “옛날 사람들은 고기 귀한 줄을 알았다”고 말할 수도 있겠지만, 뒤집어 이야기하면 아무나 아무 때에 고기를 먹지 못했다는 의미입니다. 고기를 먹는 것이 신분의 상징이 되어버린다면? 조선 후기에 나온 책 <청성잡기>는 연한 고기를 찾아 병아리를 잡아먹다가 결국 집안이 망한 옛날 권신들을 소개합니다. 식도락으로 부와 권력을 과시하는 사람은 그러지 못하는 사람들의 원한을 사지요.  뾰족한 수가 없네요. 키우던 닭을 숲에 풀어줄 수도 없죠.(곰의 식용이 금지된 이후 곰 사육농장의 곰이 겪는 고통에 대해 일전에 소개했습니다) 저는 앞으로도 동네에서 치킨을 사 먹을 테고, 나중에 아이한테는 “착하게 굴면 치킨을 사주겠다”며 꼬드기겠지요. 물론 닭에게도 사람에게도 미안한 마음을 품고 살 겁니다. 지금의 공장식 축산이 잘못되었다는 생각도 계속하겠죠. 지금처럼 지면을 통해서도, 아이와 대화하면서도 꾸준히 이런 이야기를 할 겁니다. 미안한 마음이 잊히지만 않아도 세상이 나아질 것처럼 말이에요. 그런데 이것으로 충분할지요?   김태권(먹기 좋아하는 만화가)   ▶ 한겨레 절친이 되어 주세요! [오늘의 추천 뉴스] [▶ 블록체인 미디어 : 코인데스크] [신문구독][ⓒ한겨레신문 : 무단전재 및 재배포 금지]"
21,2018.11.21. 오후 5:27,"[오늘의 유통 단신] 롯데하이마트, 난방가전 기증 外","			<아이뉴스24>[아이뉴스24 장유미, 윤지혜기자] ◆롯데하이마트, 난방가전 기증롯데하이마트가 21일 전국의 저소득 가정에 3천만원 상당의 난방가전을 기증했다. 이번에 전달하는 난방가전은 지난 9월 1일부터 10월 1일까지 '주방가전 진수성찬' 행사 기간 동안 고객들이 경품 이벤트에 응모할 경우 1건당 500원을 적립해 마련했다. 전기장판 290개는 서울, 부산, 강원 등 전국 12개 지역 저소득층에게 전달된다. 이날 기증식은 서울연탄은행에서 롯데하이마트 김경선 생활부문장, 밥상공동체 연탄은행 허기복 대표가 참석한 가운데 진행됐다.◆농심, '스파게티 까르보나라' 출시농심이 오는 26일 듀럼밀로 만든 스파게티면에 고소한 크림 소스를 더한 '스파게티 까르보나라'를 출시한다. 지난 7월 스파게티 토마토로 면 간편식 시장에 뛰어든 농심의 두 번째 제품이다. 농심 스파게티 까르보나라는 이탈리아 정통 까르보나라 스파게티 맛을 그대로 살린 제품이다. '미트크림소스'와 '까르보나라소스'를 넣어 고소하면서도 부드러운 스파게티 소스를 완성했고, 양파와 마늘, 파슬리 등의 향신채소를 넣어 풍미를 더욱 극대화했다.◆동서식품, '동서문학상' 시상식 개최동서식품이 지난 20일 서울 중구 웨스틴조선호텔 그랜드볼룸에서 제14회 '삶의향기 동서문학상' 시상식을 개최했다. 격년으로 열리는 삶의향기 동서문학상은 올해로 29년째를 맞이한 국내 대표 여성 신인 문학상이다. 지난 5월 21일부터 10월 1일까지 총 1만9천17편에 이르는 응모작이 출품됐으며 기초심, 예심, 본심 등 총 3차에 걸친 한국문인협회의 엄격한 심사를 거쳐 총 484개작이 최종 수상작으로 선정됐다. 대상작으로는 이은정 씨의 소설 '개들이 짖는 동안'이 선정됐다. 금상은 원기자 씨의 '점자익히기'와 고옥란 씨의 '저기 자궁들이 있다', 오성순 씨의 '외할머니 냉장고'가 수상의 영광을 얻었다. ◆하림, '얼큰 짜글이' 선봬하림이 21일 집에서 간편하게 만들어 먹을 수 있는 '하림 얼큰 짜글이'를 출시했다.'하림 얼큰 짜글이'는 육류를 빨갛게 양념해 각종 채소와 함께 자작하게 끓여내는 대표적인 서민 음식 짜글이에 국내산 닭고기 신선육을 적용한 양념육 제품이다. '하림 얼큰 짜글이'는 적당량의 물을 넣고 10분 정도 가열하면 완성된다. 이 제품은 농협 하나로마트와 하림 온라인 공식쇼핑몰 하림몰을 비롯한 기타 온라인 채널에서도 판매될 예정이다. 가격은 300g에 6천 원대다.◆SK스토아, 'The 따뜻한' 품평회로 사회적 기업 육성SK스토아는 오는 22일부터 12월 5일까지 2019년 상반기 홈쇼핑에서 선보일 사회적 기업 상품을 발굴하는 'The 따뜻한' 품평회에 참가할 기업을 모집한다. 고용노동부가 인증한 사회적 기업, 지역형/부처형 예비 사회적 기업, 소셜 벤처 그리고 기획재정부에서 설립 인가를 받은 사회적 협동조합 상품에 한해 지원할 수 있다. SK스토아는 우수한 기술력과 상품을 보유했음에도 판로 확대에 어려움을 겪는 사회적 기업을 위해 매년 5월과 11월 2차례 The 따뜻한 품평회를 진행한다. 올해 '유난희의 굿즈' 프로그램에 선보였던 모어댄, 동구밭, 비타민엔젤스 제품 등이 The 따뜻한 품평회를 통해 SK스토아에서 판매됐다. 이번 품평회에서 선정된 15개 제품은 내년 상반기 홈쇼핑 프라임 시간대에 방송된다. SK스토아는 상품의 경쟁력 제고를 위해 컨설팅은 물론, 스튜디오 촬영, 사전제작 영상, 품질 검사 등도 지원한다. 또 홈쇼핑 입점을 위한 맞춤형 멘토링 프로그램인 'SK스토아 홈쇼핑 아카데미'를 통해 체계적인 교육도 진행할 예정이다. ◆유한킴벌리 '크리넥스 콧물전용 물티슈' 출시유한킴벌리 크리넥스가 콧물전용 물티슈를 새롭게 선보였다. 환절기 감기가 많은 가을 시즌 코를 자주 풀어 코 주변 피부가 쉽게 허는 점에 착안해 개발한 저자극 제품으로, 자주 닦아도 코가 잘 헐지 않는 것이 특징이다. 인체적용 시험기관 '엘리드(Ellead)'에서 피부자극테스트를 완료해 저자극을 인증 받았으며 잦은 마찰로 인한 지친 피부를 진정시켜주기 위해 식염수 성분을 사용했다. 또 식물유래 글리세린과 판테놀 성분을 첨가해 피부를 부드럽고 촉촉하게 유지해 준다. 화장지 보다는 촉촉하고 일반 물티슈보다는 물 함량이 적어, 콧물을 닦아내는데 적당한 수분기를 유지하고 있다. 또 기존 물티슈보다 수분 흡수력이 더 향상됐으며 원단이 더 도톰해서 콧물을 잘 흡수한다. 온라인에서 구매 가능하다.◆문샷, 블랙프라이데이 맞아 최대 80% 할인YG 색조화장품 브랜드 '문샷'은 오는 23~30일 공식 온라인몰과 명동 플래그십 스토어에서 '더 리얼 블랙프라이데이'를 콘셉트로 최대 80% 할인 행사를 진행한다.올해 히트 제품인 '마이크로 세팅핏 쿠션'과 배우 유인나와 협업한 '허니커버렛 컬렉션' 등 신제품을 비롯해 '지디향수'를 비롯한 기존 베스트셀러 제품도 파격가에 만나볼 수 있다. /장유미기자 sweet@inews24.com, 윤지혜기자 jie@inews24.com▶네이버 채널에서 '아이뉴스24'를 구독해주세요.▶아이뉴스TV에서 부동산 고수를 만나보세요.[ⓒ 아이뉴스24 무단전재 및 재배포 금지]"
22,2018.11.19. 오후 5:38,“한발 들여놨다간… 새 트렁크 사야 할 홍콩슈퍼”,"[홍콩 슈퍼마켓 훑어보기] ①슈퍼의 양대 강자, 웰컴과 파킨숍제품 리스트가 화려하다. 세상의 진기한 것들이 모였다. 역사도 꽤 길다. 박물관이나 명품 브랜드숍 얘기는 아니다. 바로 홍콩 슈퍼마켓 이야기다. 전세계 산해진미를 한 데 모은 곳. 홍콩의 슈퍼마켓은 작은 세계를 품었다. 사고 먹고 마시는, 한마디로 ‘다 되는’ 곳이 바로 홍콩의 슈퍼마켓이다. 홍콩 여행객에게 유용한 슈퍼마켓 정보를 모았다. [편집자주]선물용으로 좋을 제품이 빼곡한 홍콩의 슈퍼마켓. /사진=홍콩관광청명품숍과 박물관을 구경하는 홍콩 여행일정이 지루해졌다면 슈퍼마켓으로 눈을 돌려보자. 이집트의 석류, 하와이에서 온 파파야, 케냐산 완두콩, 프랑스에서 수입한 사과, 덴마크 농장의 닭고기, 남아프리카의 자몽까지 식재료 코너만 보더라도 지구 곳곳에서 온 재료들로 홍콩의 슈퍼마켓은 흥미롭다.더구나 미식천국이라는 홍콩답게 히말라야산 핑크소금, 스페인산 샤프란, 이탈리아의 송로 버섯, 프랑스의 캐비어와 푸아그라 등 고급 식재료나 향신료를 손쉽게 구입할 수 있다. 식재료뿐 아니라 주방기기나 생활용품 등 아이디어 제품을 보는 재미도 쏠쏠하다. ◆홍콩 슈퍼마켓의 아버지 ‘웰컴’홍콩 슈퍼마켓의 원조인 '웰컴'. /사진=홍콩관광청홍콩 슈퍼마켓의 원조는 ‘웰컴’(Wellcome)이다. 1945년 하이 스트리트에 처음 문을 연 웰컴은 작은 식료품 가게를 시작으로 현재 홍콩을 대표하는 슈퍼마켓이 됐다. 70년이라는 꽤 오랜 역사를 간직한 웰컴은 홍콩의 첫 슈퍼마켓이라는 명예 외에도 배달서비스와 셀프계산 역시 가장 먼저 시작했다. 또 24시간 오픈 상점을 처음으로 선보이기도 했다. 대중적이면서 서민적인 웰컴은 골목마다 쉽게 찾을 수 있는 동네슈퍼다. 그런 까닭에 현지인들이 많이 찾는 로컬 상품의 비중이 높다. 채소와 과일뿐 아니라 조미료 등은 홍콩 음식에 어울리는 제품들이 많다. 웰컴 슈퍼마켓의 특징은 슈퍼마켓에 작은 시장이 있는 것처럼 고기를 천장에 매달아 판매하는 정육점과 생물을 파는 생선 코너가 자리하고 있다는 것. 슈퍼마켓에서 재래시장의 정겨움을 느낄 수 있다. 매일 오후 저녁 찬거리를 준비하는 홍콩인들을 만날 수 있다. 체인점 수는 280여개다. ☞ 웰컴’s Picks1. 밀크티와 우롱티: 홍콩 사람들이 평소에 즐겨먹는 밀크티와 우롱티. 거리에서 손쉽게 먹을 수 있게 플라스틱 병에 들어있는 텐와우 그룹(TENWOW GROUP) 제품이나 타오 티(TAO Ti) 브랜드가 현지인들에게 인기가 높다. 2. 싱가포르·말레이시아 소스: 우리나라의 간편식처럼 반조리 소스 제품인 프리마 테이스트(PRIMA TASTE) 제품이 많다. 락사, 바쿠테, 렌당, 칠리 크랩 등 이국적이고 다양한 맛의 소스로 짧은 시간에 요리를 완성할 수 있다.   3. 연유캔: 홍차에 넣어 마시면 그 맛이 더욱 부드러워지는 연유. 블랙앤화이트(black & White) 제품은 홍콩의 차찬텡에서 대부분 찾을 수 있을 정도로 대중적이다.  ◆또 하나의 슈퍼마켓 왕좌 ‘파킨숍’웰컴과 함께 슈퍼마켓의 양대 강자인 '파킨숍'의 인스턴트 라면. /사진=홍콩관광청‘파킨숍’(ParknShop)은 홍콩의 대표적인 슈퍼마켓 웰컴의 유일한 라이벌이라 할 수 있다. 1973년 스탠리 지역에 제1호점을 오픈했다. 파킨숍은 1980년대 리카싱 소유의 홍콩 최대 그룹 청쿵에서 인수하면서 탄탄한 자금력으로 빠르게 성장했다. 웰컴보다 늦게 출발한 후발주자였지만 현재 강력한 라이벌로 떠오를 수 있는 이유이기도 하다. 파킨숍은 웰컴과 같이 친근한 동네 슈퍼마켓으로 소비계층 역시 비슷하다. 로컬 현지인을 대상으로 한 이곳의 강점은 저렴한 가격대의 잡화들을 다양하게 구비해놓은 것과 재래시장에서 볼 수 있는 신선한 로컬 과일과 채소가 풍성한 것. 경제적으로 부담을 덜어줄 수 있는 또 하나의 서민적인 슈퍼마켓으로, 홍콩에 270여 개의 체인점이 있다. ☞ 파킨숍’s Picks1. 인스턴트 라면: 일본의 니신(NISSIN) 컵라면, 대만의 만한대찬 라면, 홍콩의 볶음 누들 등 세계의 인스턴트 라면이 많다.2. 티백 밀크티: 립톤 밀크 티(Lipton Milk tea) 외 다양한 브랜드의 티백 밀크티가 있다.◆양대 슈퍼의 진화… 마켓 플레이스와 퓨전마켓 플레이스. /사진=홍콩관광청브랜드 로고부터 세련미를 풍기는 ‘마켓 플레이스 바이 제이슨’(Market Place by Jason)은 웰컴의 업그레이드 버전으로 이해하면 된다. 2010년 처음 홍콩에 오픈한 마켓 플레이스는 과일이나 채소, 생필품 등 좀 더 질 좋은 식품과 유기농 상품 비율이 높다. 웰컴이나 파킨숍보다 로컬 상품 비율이 낮다. 주로 외국인이 많이 거주하는 센트럴과 미드레벨, 피크 지역에 체인점이 모여 있다. 특히 영국의 고급 슈퍼마켓인 웨이트로스(Waitrose)나 세인스버리(Sainsbury’s) 제품을 다량 판매하고 있다. 특히 맥주나 소다같은 드링크류와 비스킷이나 잼 등 예쁜 패키지의 상품을 눈여겨볼 만하다. 홍콩에는 30여개의 체인점이 있으며 대만과 싱가포르에도 진출해 있다.☞ 마켓 플레이스’s Picks1. 다양한 음료: 애플 사이다, 체리 콜라, 진저 비어 등 예쁜 패키지의 드링크가 많다.2. 꿀과 잼: 싱가포르를 대표하는 가야 잼부터 코코넛 잼, 그리고 건강에 좋은 마누카 꿀 등이 인기다. 퓨전 바이 파킨숍. /사진=홍콩관광청웰컴의 고급 버전이 마켓 플레이스라면 파킨숍에는 ‘퓨전 바이 파킨숍’(Fusion by Parknshop)이 있다. 파킨숍과 다르게 소비 수준이 높은 지역 위주로 슈퍼마켓 체인점이 자리하고 있다. 파킨숍과 구분이 되는 고급 식재료나 제품들이 많은 편으로 특히 한국 농산물이나 식품을 가장 많이 수입해서 판매하는 슈퍼마켓이기도 하다. 체인점에 따라 차이가 있지만 퓨전은 작은 베이커리 숍을 따로 운영하기도 한다. 홍콩의 애견인구가 높은 만큼 애완동물 사료와 소품 코너가 꽤 크게 자리를 차지하고 있다. ☞ 퓨전’s Picks1. 미백치약: 한국인 여행객에게 인기 높은 달리 치약 외에도 콜게이트나 센소다임 등 인기 브랜드가 다수 있다. <글=김윤선 홍콩통신원·사진=쿨애스펙트·취재협조=홍콩관광청>  박정웅 기자 parkjo@mt.co.kr<저작권자 ⓒ '성공을 꿈꾸는 사람들의 경제 뉴스' 머니S, 무단전재 및 재배포 금지>▶ 고수들의 재테크 비법 ▶ 박학다식 '이건희칼럼' "
23,2018.11.15. 오전 6:30,"[과학을읽다]캐비어도, 고기도 ‘분자요리’로 만든다","액체질소를 이용해 분자요리하는 모습. [사진=유튜브 화면캡처][아시아경제 김종화 기자]인류가 불을 사용하면서 얻은 가장 큰 혜택은 추위를 이겨낼 수 있는 '따뜻함'일 것입니다. 이 따뜻함 다음으로 얻을 수 있었던 혜택은 무엇일까요?아마도 불에 먹거리를 익혀 먹을 수 있게 된 것이 아닐까요? 인류가 사냥한 동물을 익혀 먹을 수 있게 되었지만, 불꽃의 세기나 익히는 시간에 따라 사냥감의 맛이 달라진다는 사실을 깨닫기까지는 무수한 시행착오와 세월이 필요하지 않았을까요?오늘날 '요리(料理)'라는 존재가 탄생하기까지 인류가 걸어왔던 길이 쉽지만은 않았다는 말입니다. '요리'는 먹기 좋게 만든 음식을 가리키는 명사이면서, 그 만드는 행위 자체를 일컫는 동사이기도 합니다. 음식을 만들거나 완성된 음식 그 자체를 의미하는 말이지요.이 요리가 진화를 거듭하고, 과학이 발전하면서 요즘은 '분자요리'가 일반화된 것 같습니다. 요리에 풍미를 더하기 위해 재료의 가열방식을 달리해 질감을 조절하거나, 첨가 화합물의 열반응을 이용해 음식에 색깔을 입히는 등의 '과학적 요리'에서 한발 더 나아가 '분자미식학'으로 요리의 범위를 더 넓힌 셈이지요.분자요리는 '분자미식학'이라거나 '분자 가스트로노미(molecular gastronomy)'라고 불리기도 합니다. 식재료를 분자 단위까지 철저하게 연구·분석해 만든 요리를 분자요리라고 합니다. 식재료 고유의 맛은 유지하되 다양한 물리적, 화학적 방법으로 식재료의 질감과 형태, 조직 등을 변형시켜 완전히 다른 형태의 요리로 재창조하는 것입니다.분자요리는 요리사가 아닌 물리학자와 화학자가 규정한 개념입니다. 1988년 영국 옥스포드대학의 물리학자 니콜라 커티스와 프랑스의 화학자 에르베 티스가 식재료의 변형에 관한 국제워크숍을 준비하는 과정에서 정립하게 됩니다. '가열로 인해 나타나는 식재료의 화학적 변형'을 무엇이라고 규정할지를 놓고 서로 고민하다 '분자요리'라고 명명하면서 널리 사용하게 된 것입니다.그러니까 분자요리라는 개념은 이전부터 즐겨 사용돼 오던 요리 방식인데 정확한 개념과 명칭으로 불려지지 않았던 것이지요. 일상에서 흔히 접할 수 있는 대표적 분자요리가 솜사탕이나 뻥튀기, 팝콘, 질소 아이스크림 등입니다. 열과 압력에 의해 식재료가 팽창하는 성질을 이용한 것입니다.분자요리 기법으로 만든 디저트들. [사진=유튜브 화면캡처]질소를 액화한 액체질소를 이용한 분자요리는 끓는점이 -196℃인 성질을 이용, 액체인 소스를 급속히 얼려서 고체인 가루형태로 만들거나 아이스크림 액체를 방울로 떨어뜨려 구슬아이스크림을 만들기도 합니다. 액체질소에 급속 냉각된 요리는 입자가 곱고 부드러워 독특한 질감을 느낄 수 있다고 합니다.분자요리법 중에서는 '수비드(Sous Vide) 요리법'이 많이 알려져 있습니다. 진공포장이란 뜻의 수비드는 밀폐된 봉지에 식재료를 담아 일정한 온도로 물속에서 오래 익히는 요리법인데, 모든 영양소와 수분을 그대로 유지한다는 장점이 있습니다. 물의 끓는점 아래인 60℃ 정도에서 천천히 장시간 조리하는 것이 비결입니다.'구체화(球體化, Spherification) 요리법'도 즐겨 사용됩니다. 스페리피케이션이란 '구'라는 뜻의 'sphere'에서 유래된 분자요리법인데 알긴산나트륨과 염화칼슘의 반응을 이용해서 액체를 구나 젤 형태의 모양으로 만드는 것입니다. 해조류에 많이 들어있는 알긴산나트륨과 과일주스 등의 액체재료를 섞어 주사기나 스푼에 놓고, 염화칼슘이 들어있는 용기에 떨어뜨리면 마치 둥근 생선알처럼 모양이 변합니다.드라이아이스를 이용해 재료를 탄산화시키는 방법도 있습니다. 드라이아이스가 물속에서 이산화탄소 기체로 변해 물에 녹는 과정을 이용해 과일 등 수분이 있는 재료를 드라이아이스와 접촉시켜 재료에 탄산을 넣는 요리법입니다.분자요리는 이런 식의 색다른 모양과 식감으로 사람들의 이목을 끌기도 하지만 그보다 더 유용하게 이용되기도 합니다. 대표적인 것이 '인공육류(Vitro meat)'입니다.목장이 아닌 실험실에서 탄생한 인공육류는 실제 가축의 근육 조직과 지방 세포를 수백만 배 증식시켜 만든 것입니다. 첨단 조직공학 기술로 실험실에서 육류를 배양하는 것이지요. 가축을 도축하면서 생명을 빼앗지 않아도 되고, 대량 사육에 따른 환경오염도 크게 줄일 수 있어 미래 식량 자원으로 주목받고 있습니다.분자요리의 '구체화기법'을 이용해 모양과 식감이 유사한 가짜 캐비어도 다량 만들 수 있습니다. [사진=유튜브 화면캡처]콩이나 밀, 두부로 고기맛을 낸 '콩고기'류에서 한층 진화한 식재료입니다. 요즘 만들어지고 있는 인공육류는 진짜 쇠고기나 닭고기와 놀랄 만큼 흡사하면서도 맛이나 색깔이 똑같고, 육류에 함유된 콜레스테롤, 포화지방 등의 인체에 유해한 성분도 없습니다.그 외에도 톡톡 터지는 식감으로 유명한 캐비어를 만들기도 하고, 분자 칵테일을 제조하기도 합니다. 물론 캐비어의 가격이 비싼 만큼 해조류를 이용해 만든 가짜 캐비어입니다. 아예 가짜 캐비어를 만들어주는 기계도 판매되고 있습니다. 정확히는 캐비어 모양의 구형 구체 식재료를 만들어 주는 것이지요.제법 유명한 레스토랑의 주방에는 주사기나 스포이드는 기본이고, 시험관까지 갖춰 놓고 있습니다. 칵테일을 파는 바도 마찬가집니다. 분자요리, 특히 구체화 요리법을 활용하기 위해서입니다. 이제 요리와 과학의 경계가 불분명해지면서 요리가 점점 진화하고 있습니다.김종화 기자 justin@asiae.co.kr▶ 아시아경제 친구 맺고 '휴대폰, LED마스크' 받자▶ 재미와 신기 '과학을읽다' ▶ 놀라운 '군사이야기'<ⓒ세계를 보는 창 경제를 보는 눈, 아시아경제 무단전재 배포금지>		"
30,2018.11.06. 오전 10:18,"GS25, 반려동물 PB 론칭…전국 4000개 점포로 확대","반련동물 시장, 2020년 5조8천억원으로 성장 예상【서울=뉴시스】 【서울=뉴시스】표주연 기자 = GS25는 SBS TV동물농장과 손잡고 반려동물 용품 PB(전용상품 브랜드)를 새롭게 론칭했다고 6일 밝혔다. 이번에 선보이는 ‘유어스 TV동물농장’ 반려동물 용품은 프리미엄급 반려견 간식 6종, 사료 2종, 장난감 4종 등 총 12종이며 해당 상품은 반려동물 용품 전용 매대로 구성된다.GS25는 반려 동물 용품 전용 매대를 그 동안 총 1800점포에서 운영해왔다. 내년까지 1인 가구 구성비가 많은 상권 위주로 전국 4000개 점포로 확대 운영하기로 했다. GS25가 반려동물 용품을 강화하기로 한 이유는 고령화, 1인 가족 증가, 소득 증가 등으로 국내 반려동물 용품 시장이 급성장하고 있기 때문이다. 실제로 GS25의 반려 동물 용품 매출은 2016년 47.3%, 2017년 72.5%로 매년 성장하고 있다. 올해는 전년 대비 90% 이상의 성장율을 기록할 것으로 예상하고 있다.이번에 출시하는 반려견 간식은 사람이 먹을 수 있는 수준의 품질인 휴먼그레이드 등급이다. ▲치킨말이치즈 ▲한우콜라겐껌 ▲돈피콜라겐껌 ▲돼지귀슬라이스 ▲군고구마스낵 ▲혼합스낵황태 총 6종이다. 인공색소, 인공향료, 글루텐이 제거된 3無 상품이며 국내산 원재료로 국내 생산해 품질을 포함한 생산 모든 과정도 프리미엄급으로 운영되고 있다. 간식류 6종은 국내 출시된 간식류 중 가장 인기 있는 상품 위주로 구성했다. 소화를 돕는 이눌린 성분과 각종 필수 아미노산 등을 비롯한 기능성 원료도 첨가됐다. 가격은 종류 별로 상이하며 4500~6500원 수준이다.반려견 사료는 연어, 닭고기 2종으로 합성보존료와 알레르기를 유발하는 곡물 재료를 철저히 배제했고 하림사에서 공급받는 원재료만 사용한다는 게 GS25측 설명이다. 2종의 특별 사료는 모두 200g 용량이며 가격은 4000원에 판매된다.애견 사료 2종은 일반 식품의 안전성을 입증하는 HACCP(식품위해요소중점관리기준) 인증 제조 공장에서 생산되고, 간식 6종은 ISO9001(품질경영시스템국제규격) 인증을 취득한 곳과 제휴했다.총 4종의 장난감은 반려동물이 좋아하는 유기농 실, 펠트천, 실리콘 등을 소재로 사용했고 반려동물의 스트레스 해소와 치석 제거에 도움이 될 수 있게 깨물고 놀기 좋은 사이즈로 개발됐다.안병훈 GS리테일 생활서비스 MD부문장은 “국내 전체 반려 동물 관련 시장 규모가 2015년 1조8000억원에서 2020년 5조8000억원 수준으로 확대될 것으로 예상하고 있다”고 말했다.pyo000@newsis.com▶ 뉴시스 빅데이터 MSI 주가시세표 바로가기 ▶ 뉴시스 SNS [페이스북] [트위터]<저작권자ⓒ 공감언론 뉴시스통신사. 무단전재-재배포 금지.>"
33,2018.11.22. 오후 6:57,"'2TV 생생정보' 누룽지 통닭, 성내동 '천호 누룽지 통닭구이'…우리동네숨은맛집 '오늘방송맛집'","[생생정보통 맛집오늘] 22일 오늘 저녁 방송된 KBS '2TV 생생정보'에서는 '우리 동네 숨은 맛집' 코너를 통해 '퇴계원 갈치조림&강동구 누룽지 통닭' 맛집들이 소개됐다.서울특별시 강동구 천호옛14길(성내동)에 위치한 '천호 누룽지 통닭구이'가 이날 '강동구 누룽지 통닭' 맛집으로 알려진 곳이다. 오후 5시30부터 영업을 시작하는 이 곳은 1마리 13000원이라는 가격의 누룽지 통닭이 일렬로 통으로 구워지고, 속재료를 가득한 배를 갈라 돌판에 엎어 구워내 바닥은 누룽지 윗부분은 밥으로 완성된다. 기름기 쫙 빠진 닭고기와 누룽지, 찹쌀의 조합이 인상적이다. 에피타이저로 나오는 닭죽은 물론 누룽지파채통닭도 별미로 통한다.디지털편성부 multi@"
39,2018.11.13. 오전 8:39,"신세계푸드, 에어프라이어 전용 ‘올반 슈퍼 크런치 치킨 텐더’ 출시","[스포츠서울 김자영기자] 신세계푸드는 에어프라이어 전용 가정간편식 ‘올반 슈퍼 크런치 치킨 텐더’를 출시했다고 13일 밝혔다. 신세계푸드는 최근 뜨거운 바람으로 재료 자체의 지방과 수분을 이용해 튀기거나 구운 요리를 해주는 에어프라이어가 1인 가구 증가, 조리의 편의성, 웰빙 열풍을 타고 폭발적인 인기를 끄는 것에 주목했다. 특히 대용량 에어프라이어가 보편화되면서 직접 가정에서 간편하게 치킨을 조리할 수 있는 방법을 찾는 소비자들이 늘고 있다는 점에 주목해 전용 상품으로 이번 신제품을 선보이게 됐다고 회사 측은 설명했다. ‘올반 슈퍼 크런치 치킨 텐더’는 겉은 바삭하고 속은 촉촉한 치킨 텐더의 맛을 극대화 하기 위해 국산 닭고기 안심을 버터를 넣어 개발한 염지제에 12시간 이상 숙성한 후 오븐 전용 파우더를 얇게 코팅한 제품이다. 특히 에어프라이어 조리에 특화된 제품인 만큼 치킨 텐더의 표면에 볶은 흑미와 현미가루를 입자감 있게 갈아 뿌려 에어프라이어의 열풍으로 표면의 수분을 효과적으로 증발시킬 수 있도록 했다. 또한 치킨 텐더 속에는 귀리, 렌틸콩, 옥수수를 넣어 영양과 고소함을 높였다. 조리방법은 에어프라이어를 180℃로 맞추고 9~10분만 조리하면 된다. 프라이팬 조리 시에는 기름을 두르고 냉동상태의 제품을 약불에서 약 5분 간 익힌 후 중간불에서 2분간 더 조리하면 된다.신세계푸드 관계자는 “간편 조리기구로 부상한 에어프라이어에 대한 관심이 높아짐에 따라 이에 최적화된 치킨 텐더 제품을 선보이게 됐다”며 “5가지 곡물을 함유해 영양 가득한 치킨 텐더를 집에서도 간편하게 즐기시길 바란다”고 말했다.‘올반 슈퍼 크런치 치킨 텐더’는 전국 신세계백화점과 SSG닷컴, 옥션, G마켓, 11번가 등에서 판매되며 가격은 7480원(440g)이다. soul@sportsseoul.com▶스포츠서울 공식 페이스북▶팟캐스트 '스포츠서울 야구 X파일'▶스포츠서울 공식 유튜브 채널[기사제보 news@sportsseoul.com]  Copyright ⓒ 스포츠서울&sportsseoul.com"
40,2018.11.05. 오후 1:51,문경약돌한우축제 이틀간 8만명 몰려..한우 40마리 판매 등 성과,"			        [고도현 기자 dory@msnet.co.kr] 문경새재에 마련된 문경약돌한우 구이촌에 많은 관람객이 몰려 약돌한우의 참맛을 만끽하고 있다. 이틀간 40마리 4억원어치가 팔려나갔다. 문경시 제공지난 3일부터 이틀간 문경약돌한우축제추진위원회(위원장 장성조)가 문경새재도립공원에서 개최한'2018 문경약돌한우축제'에 8만여명의 관람객이 찾아 약돌한우 40마리가 팔려 나가는 등 성과를 냈다.문경에서만 생산되는 신비의 약돌(거정석)을 먹인 '약돌한우'를 홍보하는 이 축제는 올해로 9회째를 맞았다.이번 축제는 한우뿐만 아니라 한돈, 낙농, 육계, 꿀벌 등 축종별 소비촉진 행사와 우유, 꿀, 달걀, 돼지고기, 닭고기 등 다양한 축산물 시식 행사도 함께 펼쳐졌다.이처럼 전 축종이 함께 참여해 축산인의 단합은 물론 문경대표 먹거리 축제로 더욱 발전된 모습을 보여줬다는 평가다.15% 할인된 가격으로 약돌한우의 부위를 직접 골라 구워먹는 구이촌과 국밥집은 장사진을 이뤘으며 다양한 축하공연과 씨름대회, 로데오체험 놀이 등이 시선을 모았다.ⓒ매일신문 - www.imaeil.com"
41,2018.11.07. 오후 4:57,[추억의 요리산책] 능이…생식하면 독소 있으나 가열하면 부작용 없다,"			        [특집부 weekly@msnet.co.kr] 찬바람 부는 계절에는 버섯요리가 일품이다. 알곡이 여무는 시기에 비가 내리면 '쓰잘데기없다'고 눈총을 받지만, 버섯이 자라는 최적의 환경을 만들어 준다. 고향 산간 마을의 가을 음식은 버섯이 주를 이루었다. 밤버섯, 싸리버섯, 능이, 그리고 간혹 송이도 있었다. 목이는 앞 뒷밭 썩은 뽕나무 둥치마다 너덜거려서 일부러 못 본 체하고 다녔다. 비 맞아 퉁퉁 불어터진 목이의 흐느적거리는 모양새와 물컹거리는 촉감이 그 당시에는 징그러웠다. 버섯은 싱싱한 시기가 있다. 그 적기가 지나면, 할머니 말씀인즉 '물이 넘으면' 자연히 벌레가 생긴다고 한다. 특히 능이와 싸리버섯에 벌레가 많았다. 벌레를 보고 기겁을 했으나 심하지 않은 것은 잘 손질하여 요리했다.우물가 장독대 옆 옹자배기에는 버섯이 그득했다. 버섯의 독성을 뺀다고 했다. 데친 싸리버섯은 며칠간 우렸다. 돼지고기와 싸리버섯을 볶으면 꽃처럼 생긴 모양에 끌려 젓가락을 더 많이 놀렸다. 밤버섯은 데쳐 닭고기와 요리했다. 색감과 식감마저 비슷해 고기인지 버섯인지 구분할 수 없이 쫄깃했다. 엄마는 능이를 데치면 기름이 뜬다고 했다. 그만큼 능이가 영양가 면에서 좋다는 것이었으리라. 데친 능이는 들기름에 볶았다.체신청에 근무하는 조카한테 연락이 왔다. 발령받아 온 봉화 지방에 버섯이 한창이란다. 송이는 가격이 비싸 손이 오그라들어도 능이는 그보다 저렴해 손질해서 저장해 두면 요긴하게 쓰인다. 능이의 큼직한 갓을 보고 쇠똥 같으니, 철갑 같으니 구시렁거리는 사람들이 있다. 능이의 진가를 모르는 분들 같아서 픽 웃음이 난다. 우리나라에서야 송이를 으뜸으로 여기지만 물 건너 나라에서는 능이를 최고로 친다. 인공재배가 되지 않기에 귀한 버섯이다. 일 능이, 이 송이, 삼 표고라고 할 정도로, 능이는 약성뿐만 아니라 건강식으로도 으뜸이다. 그 향은 또 어떤가. 사람마다 흙냄새, 나무 냄새, 꽃 냄새 등 향이 난다고 해서 '향 버섯'이라는 애칭도 있다.능이를 펼쳐놓고 한참 동안 먹먹했다. 참으로 오랜만에 실한 버섯을 마주한다. 30여 년 전, 큰아이 해산 때 친정 생활이 떠올랐다. 아버지는 막내딸이 몸 풀면 미역국에 넣을 거라며 능이를 따는 족족 짚으로 엮어 처마 밑에 걸어서 말리셨다. 그해에는 버섯이 풍년이었다고 한다. 아버지는 버섯 나는 한철 시기에 아침마다 산에 오르셨다. 어머니는 말린 능이를 불려 가마솥에 국을 끓였다. 들기름을 두르고 능이와 미역을 넣어 볶다가 쌀뜨물을 부었다. 산모가 한 가지 국만 먹으면 질릴 수 있다고 이런저런 재료를 넣어 국을 끓여주었다. 내 입에는 능이 미역국이 단연 최고였다.버섯은 말렸을 때 향이 더 짙다. 공수해온 능이 일부는 말리고, 일부는 손질해서 데쳤다. 말린 능이는 필요할 때마다 불려서 사용하면 되고, 끓인 능이 국물은 식혀서 한 끼 먹을 분량씩 지퍼 팩에 담아 냉동한다. 능계탕, 능이칼국수, 전골 등 그 쓰임새가 다양하다. 능이는 육류와 같이 먹었을 때 더욱 좋다. 단백질분해 성분이 있단다. 민간요법에 버섯 우린 물은 소화제와 감기약 대용으로 사용했다. 능이는 다른 버섯보다 월등한 약성 효과를 가지고 있다.능이칼국수를 끓였다. 능이 국물의 담백한 맛을 살리기 위해 가급적 향신 채소는 사용하지 않았다. 호박과 약간의 부추 정도만 넣으면 시원하고 깔끔한 맛을 느낄 수 있다. 능이는 고향 산골의 맛이다. 아버지의 가랑잎 같은 미소가 담긴 음식이다.Tip: 능이를 생식하면 미량의 독소가 있으나 가열하면 부작용이 없다. 반드시 익혀서 먹도록 한다.노정희 요리연구가ⓒ매일신문 - www.imaeil.com"
